,smiles
0,!CCOC(=O)c1c(NC(=O)N(C)C(C)CC#N)sc(C)c1C~~~~~~~~~~~~~~~~
1,!CN(C(=O)c1ccc(F)c(F)c1)C1CCCCC1~~~~cc[nH]1~~~~~~~~~~~~~~~~
2,!CCCCc1nc(Cc2ccccc2OC)sc1CO~(C)=O~~~~~~~~~~~~1~~~~~~~~~~
3,!Cc1ccccc1-n1nnc(-c2nc(-c3ccccc3)no2)c1N~~~~~~~~~~~~~)~~
4,!O=S(=O)(NCc1ccc(Cn2cncn2)cc1)N1CCCCC1~~~~~~~~~~~~~~~~~~
5,!CCCC(C)CN(CC)C(=O)C1CC(=O)N(c2ccccc2)C1~~~~~~~~~~~~~~~~
6,!Cc1cc(C)c(NC(=O)CSc2ccccn2)c(C)c1~~~~~~~~~~~~~~~~~~~~~~
7,!Cc1cc(C(=O)N2CCC(CCn3cccn3)CC2)no1~(C)C~~~~~~~~~~~~~~~~
8,!CCc1ccc(-c2ccc(C(=O)N3CCC(n4cnnc4)CC3)o2)cc1~~~~~~~~1~~
9,!Cc1nc2c(s1)C(N(C)C(=O)c1ccc(-c3cc[nH]n3)cc1)CCC2~~~~~~~~~C
10,!CCC1CCC(N(C(=O)Cn2nc3n(c2=O)CCCCC3)C2CC2)CC1~~~~~~~~~~~
11,!N#Cc1ncn(CC(O)c2ccc(C(F)(F)F)cc2)n1~1cccc1~~~~~~~~~~~~~
12,!O=C(Nc1nc(-c2ccc3c(c2)CCC3)cs1)c1cc[nH]n1~~~~~~~~~~~~~~~~~
13,!CCOC(=O)N1CCN(C(=O)c2cnc(C)cn2)CC1~(=O)OC~~~~~~~~~~~~~~
14,!Cc1ccc(C)c(NCC(=O)NC2CCOCC2)c1~~~~cncc1~~~~~~~~~~~~~~~~
15,!COCCN1CC(C(=O)N(C)c2cccc(C(F)(F)F)c2)CC1=O~~~~~~~~~~~~~
16,!CC(=O)c1sc(-c2nc(C(C)C)nn2-c2cccc(C)n2)nc1C~~~~~~~~~~~~
17,!N#Cc1cccc(S(=O)(=O)Oc2ccc(F)cc2F)c1~~c[nH]1~~~~~~~~~~)~~~~
18,!CC(=O)Nc1cccc(CNC(=O)NCc2ccc(F)c(C)c2)c1~~~~~~~~~~~~~~~
19,!COCCNC(=O)NCc1noc(-c2ccsc2)n1~~~~~[nH]1~~~~~~~~~~~~~~~~~~~
20,!CCc1cnc(CN(C)C(=O)NCc2ccnn2C)s1~~nc1~~~~~~~~~~~~~~~~~~~
21,!O=C(COc1ccc2c(c1)C(=O)CC2)Nc1ccc2[nH]ncc2c1~~~~~~~~~~~~~~~
22,!O=C(NCc1ccccc1)c1c2c(nc3ccccc13)CCC2~O~~~~~~~~~~~~~~~~~
23,!O=C1c2ccccc2C(O)N1CCCc1ccccc1~~~cncn1~~~~~~~~~~~~~~~~~~
24,!O=C(NCCCc1ccccc1)C1C2CCCC21~(=O)N1CCCC1~~~~~1~~~~~~~~~~
25,!CC(=O)Nc1cccc(C(C)OC(=O)C(C)NC(=O)c2ccoc2)c1~~~~~~~~~~~
26,!COCCN(Cc1ccsc1)C(=O)c1cn2cc(C)ccc2n1~~~~~~~~~~~~~~~~~~~
27,!O=C(c1ccc(Cn2cc(Cl)cn2)o1)N1CCOCC1C1CC1~~~~~~~~~~~~~~~~~
28,!COc1ccccc1-c1csc(NC(=O)Cc2ccsc2)n1~~~~~~~~~~~~~~~~~~~~~
29,!COCCCNC(=O)Cc1nc(-c2cccs2)oc1C~~~~~~o1~~~~~~~~~~~~~~~~~
30,!CC1CC(C)CN(S(=O)(=O)NCCNc2ncccn2)C1~~~~~~~~~~~~~~~~~~~~
31,!CCCN(CCC)C(=O)c1ccc2c(c1)nnn2Cc1ccccc1~~~~~~~~~~~~~~~~~
32,!Cc1cccc(C(=O)NCC(=O)N(CCC#N)c2ccccc2)c1~~~~~~~~~~~~~~~~
33,!COc1ccc(NC(=O)c2cnn(-c3ccccc3)c2)cn1~~~~~~~~~~~~~~~~~~~
34,!COC(=O)c1cccc(CCNC(=O)c2cscn2)c1~~oc1~~~~~~~~~~~~~~~~~~
35,!CCN(CCNC(=O)NC(C)c1nncn1C)c1cccc(C)c1~~~~~~~~~~~~~~~~~~
36,!Cc1ccc(NC(=O)c2cccc3[nH]ccc23)cc1S(C)(=O)=O~~~~~~~~~~~~~~~
37,!Cc1ccsc1C(=O)NCc1ccccc1-n1cncn1~~~~~~c1~~~~~~~~~~~~~~~~
38,!CCNC(=O)c1cc(S(=O)(=O)NC2CCCC2)c(C)s1~~~~~~~~~~~~~~~~~~
39,!Cc1ccccc1N1CCN(C(=O)c2cnc3ccccn3c2=O)CC1~~~~~~~~~~~~~~~
40,!COc1ccc(CN2CCOCC2C2CC2)cc1F~c1ccco1~~~~~~~~~~~~~~~~~~~~
41,!CC(C)c1ncc(Cl)c(C(=O)N2CCN(CC(F)F)CC2)n1~~~~~~~~~~~~~)~~
42,!CCNC(=O)c1ccc(CNC(=O)NCCC(C)C)cc1~~~~~~~~~~~~~~~~~~~~~~
43,!O=C(c1ccccc1F)N1CCC(Oc2nncc3ccccc23)CC1~~~~~~~~~~~~~~~~
44,!COc1cccc(-n2ccnc2SCC(=O)N(C)CC(C)C)c1~~~~~~~~~~~~~~~~~~
45,!N#Cc1ccccc1COC(=O)Cc1csc(-c2nc[nH]n2)n1~~~~~~~~~~~~~~~~~~~
46,!CCc1cnc(CN(C)Cc2ccccc2C(F)(F)F)o1~~n1~~~~~~~~~~~~~~~~~~
47,!Cn1cnc(-c2ccc(F)cc2)c1NC(=O)c1ccc(=O)[nH]c1~~~~~~~~~~~~~~~
48,!O=C(Cn1nc2ccccn2c1=O)c1cccc(Cl)c1~~cccc1~~~~~~~~~~~~~~~~
49,!CCOC(=O)N1CCN(C(=O)Cc2ccc(-n3cccn3)cc2)CC1~~~~~~~~~~~~~
50,!CCOC(=O)C(C)NC(=O)CNC(=O)c1cc(C)cc(C)c1~~~~~1~~~~~~~~~~
51,!NC(=O)c1cc(Cl)ccc1NCC(=O)NCc1ccc2c(c1)OCO2~~~~~~~~~~~1~~
52,!CCCCNC(=O)N1CCCn2cnc(CNS(C)(=O)=O)c2C1~~~~~~~~~~~~~~~~~
53,!COC(=O)c1ccc2c(c1)[nH]c(=O)n2Cc1ccccc1C#N~~~~~~~~~~~~~~~~~
54,!N#Cc1ccc(CNc2cc(F)ccc2Cl)cc1~[nH]c1=O~C1~~~~~~~~~~~~~~~~~~~
55,!CCc1nc2nnc(C(=O)c3ccc(Cl)cc3)c(C)n2n1~~~~~~~~~~~~~~~~~~~
56,!O=C(CC1CCCC1)N1CCN(c2nc3ccccc3o2)CC1~O~~~~~~~~~~~~~~~~~
57,!CC(C)(C)OC(=O)N1CCN(CCc2cccnc2)CC1~O~~~~~~~~1~~~~~~~~~~
58,!CCOCc1ccccc1NC(=O)N1CCOCC1CC(C)C~~~~~~~~~~~~~~~~~~~~~~~
59,!CC(=O)N1CCCc2cc(NCc3cn(C)nc3C)ccc21~~~~~~~~~~~~~~~~~~~~
60,!CN(C)c1cccc(OS(=O)(=O)c2ccc(Cl)cc2C#N)c1~~~~~~~~~~~~~~~~
61,!CCc1ccc(C(=O)N2CCCC2C(=O)NCc2ccco2)o1~~~~~~~~~~~~~~~~~~
62,!Cc1c(-c2ccccc2Cl)[nH]c(=O)c(C#N)c1C~O~CO~~~~~~~~~o1~~~~~~~~
63,!Cc1cnn(CCC(=O)Nc2cccc(-c3ccc4c(c3)OCO4)n2)c1~~~~~~~~~~~
64,!CC(C)c1ccc(N2CCN(CC(=O)N3CCCC3)C2=O)cc1~~~~~~~~~~~~~~~~
65,!N#Cc1cccc(NC(=O)c2cc3cc(F)ccc3[nH]2)c1~~c1cC1~~~~~~~~~~~~~
66,!O=C(COc1cccc(Cl)c1)Nc1ccc2[nH]c(=O)[nH]c2c1~~~~~~~~~~~~~~~~~~~
67,!COc1cc(OC)nc(-c2ccc(-n3cncn3)cc2)n1~~C#N~~~~~~~~~~~~~~~
68,!CCCNC(=O)c1cccc(NC(=O)c2ccc(OC)c(OC)c2)c1~~~~~~~~~~~)~~
69,!CCn1nc(C(=O)N2CCCC2c2ccncc2)ccc1=O~cc~~~c[nH]1~~~~~~~~~~~~
70,!Cc1ccc(C(=O)N2CCOCC2)cc1NC(=O)CCc1ccccc1~~~~~~~~1~~~~~~
71,!COCCCCCNC(=O)N1CCOC(c2ccc(F)c(F)c2)C1~~~~~~~~~~~~~~~~~~
72,!Cc1cc(Cl)ccc1N(C)C(=O)CCCO~~C(C)C~~on)C1~~~~~~~~~~~~~~~~
73,!CCC(=O)N1CCc2cc(C(=O)N(C)C3CCCCC3)ccc21~C~~~~~~~~~~~~~~
74,!N#Cc1cc(Cl)ccc1N1CCC(NC(=O)c2ccoc2)CC1~~~~~~~~~~~~~~~~~~
75,!O=C(CCNC(=O)c1cnccn1)OCc1ccc(F)cc1~~~[nH]1~~~~~~~~~~~~~~~~
76,!COC(=O)Cn1c(CCCN2CCOCC2)nc2ccccc21~~~~~~~~~~~~~~~~~~~~~
77,!C=CCn1c(-c2ccco2)nnc1S(=O)(=O)Cc1ccccc1F~~~~~~~~~~~~~~~
78,!CN(CCc1noc(C2CC2)n1)C(=O)C(C)(C)c1cccc(F)c1~~~~~~~~~~~~
79,!CCNC(=O)c1cc(NC(=O)c2cnc(C)cn2)nc2ccccc12~~~~~~~~~~~1~~
80,!Cn1c(SCC(=O)NCc2ccc(F)cc2)nnc1C1CC1~~~~~1~~~~~~~~~~~~~~
81,!c1ccc(-c2nnc3sc(-c4cc[nH]n4)nn23)nc1~~cnc1~~~~~~~~~~~~~~~~
82,!Cc1ccc(-n2nc(C(=O)NCCO)nc2-c2ccco2)cc1~~~~~~~~~~~~~~~~~
83,!CS(=O)(=O)NC1CN(C(=O)NC2CCCCCC2)CC1C1CC1~~~~)~~~~~~~~~~
84,!CC(C)CCOc1cccc(CNC(=O)c2ccncc2)c1~~~~~~~~~~~o~~~~~~~~~~
85,!COCC(C)NC(=O)N1CCN(S(=O)(=O)c2cccnc2)CC1~~~~~~~~~~~~~~~
86,!CCOc1cc(F)ccc1NC(=O)NC1CCc2nc(CC)nn2C1~~~~~~~~~~~~~~~~~
87,!CN(Cc1ccc(F)cc1)C(=O)CCC(=O)N1CCOC(C)(C)C1~~~~~~~~~~~~C
88,!CCOC(=O)Cc1csc(NC(=O)c2ccccn2)n1~~~~~~~~~~~~~~~~~~~~~~~
89,!CCOCCOCn1c(=O)c(C#N)cn(CC)c1=O~OC~~1~~~~~~~~~~~~~~~~~~~
90,!CCCn1c(=O)n(CC(=O)Nc2c(C)n[nH]c2C)c2ccccc21~~~~~~~~~~~~1~~
91,!CC1CCCC(NC(=O)NCC2CN3CCCCC3CO2)C1C~~~~~~~~~~~~~~~~~~~~~
92,!O=C(NCc1ccccc1Oc1ccccc1)c1ccnnc1~~~~~~~~~~~~~~~~~~~~~~~
93,!Cc1cc(NC(=O)Cn2cc(N)cn2)ccc1Br~~(C)[nH]1~~~~~~~~~1~~~~~~~~~
94,!Cc1nsc(N2CCN(CCn3ccnc3C(C)C)CC2)n1~~~~~~[nH]1~~~~~~~~~~~~~
95,!Cc1nc(Cn2ccnc2-c2cnc(N3CCOCC3)s2)cs1~~~~~~~~~~~~~~~~~~~
96,!COc1cc(F)ccc1NC(=O)c1cnc(-c2cnn(C)c2)s1~~~~~~~~~~~~~1~~
97,!CC(C1CC1)N(C)C(=O)NCc1ccnc(OC(C)(C)C)c1~~1~~1~~~~~~~~~~
98,!Cc1ccc(-n2ncc3c(=O)n(CC(=O)NC4CC4)cnc32)cc1~~~~~~~~~~~~
99,!COC(=O)N1CCC(NC(=O)NCc2ccc(OC(C)C)nc2)CC1~~~~~~~~~~~~~~
100,!CC1COCC(C)N1CCSc1ccccc1Cl~c1~cccn1~~~~~~~~~~~~~~~~~~~~~~
101,!COc1cccc(C2NCCc3cc(F)c(O)cc32)n1~~ccn1~~~~~~~~~~~~~~~~~
102,!CC(O)CCN(C)S(=O)(=O)c1ccc(F)c(N)c1~~cccc1~~~~~~~~~~~~~~
103,!O=C(Nc1ccc(N2CCCC2=O)cc1)N1CCC2CCCCC2C1~O~~~~~~~~~~~~~~
104,!CNC(=O)NCCC12CC3CC(CC(C3)C1)C2~~(=O)OC~~~~~~~~~~~~~~~~~
105,!COc1ccc(NC(=O)CNc2ccc(C#N)cc2)c(OC)c1~~~~~~~~~~~~~~~~~~
106,!CN(Cc1ccc(F)cc1)C(=O)c1cc(-c2ccccc2)on1~~~~~~~~~~~~~~~~
107,!Cc1nnc(NC(=O)CSc2ccc(-c3ccno3)cc2)s1~~~~~~~~)o1~~~~~~~~
108,!CCc1nnc(NC(=O)CNC(=O)c2ccc(Cl)c(Cl)c2)s1~~~~~~~~~~~~~~~~~
109,!Cc1ccc(CN2CCC(OCC(C)C)CC2)s1~~n1~nnc1~~~~~~~~~~~~~~~~~~
110,!C=CCNC(=O)c1onc(-c2ccc(Br)cc2)c1N~~~~~~~~~~~~~~~~~~~~~~~
111,!CCn1c(SC(C)C(=O)N(C)CCC#N)nnc1-c1cccs1~~~~~~~~~~~~~~~~~
112,!Cc1cc(C)n2nc(C)c(C(=O)NCc3ccc4c(c3)OCO4)c2n1~~~~~~~~~~~
113,!CC(=O)Nc1ccc(-c2nc3ccccc3o2)cc1~~c1cccnc1~~~~~~~~~~~~~~
114,!c1ccc(Oc2cccc(NCc3cnn4cccnc34)c2)nc1~~~~~~~~~~~~~~~~~~~
115,!O=C(NC(O)C(=O)c1ccc(Cl)cc1)c1ccsc1~O~~~~~~~~~~~~~~~~~~~~
116,!O=C(c1c[nH]nc1C1CCCCC1)N1CCC(C(F)(F)F)CC1~~~~~~~~~~~~~~~~~
117,!CCN(CC)c1cccc(C(=O)Nc2cccc(NC(C)=O)c2C)c1~~~~~~~~~~~~~~
118,!COc1ccccc1C(O)CNC(=O)Nc1ccc(C(C)=O)c(C)c1~~~~~~~~~~~~~~
119,!COC(=O)C(C)n1c(C(C)C)nc2c1NCCC2~~(C)C~O~~~~~~~~~~~~~~~~
120,!Cc1nonc1NC(=O)c1cccc(-n2cnnn2)c1~ccs1~~~~~~~~~~~~~~~~~~
121,!CCN(Cc1ccsc1)C(=O)Nc1cccc(N2CCCCC2)c1~~~~~~~~~~~~~~~~~~
122,!CN(C)C(=O)CN(C)S(=O)(=O)c1ccccc1N~C(F)F~~~~~~~~~~~~~~~~
123,!CN(C(=O)CN1CCOC2CCCCC21)C1(C#N)CCCCC1~~~~~~~~~~~~~~~~~~
124,!CC(C)n1cnnc1SCc1noc2c1CCCC2~~O~~~~~[nH]1~~~~~~~~~~~~~~~~~~
125,!CC(NC(=O)c1ccc2c(c1)NC(=O)CO2)c1ccc2c(c1)CCC2~~~~~~~~~~
126,!COc1cccc(Nc2cnn(CC(=O)N(C)C)c2)c1~~(N)=O~~~~~~~~~~~~~~~
127,!Cc1cnc(C(=O)N2CCN(Cc3ccc4c(c3)OCO4)CC2)cn1~~~~~~~~~~~~~
128,!Cc1nn2c(CNS(=O)(=O)C(C)C)c(-c3ccccc3)nc2s1~~~~~~~~~~1~~
129,!O=C(Cc1ccc(OC(F)F)cc1)NC1CCCNC1=O~c[nH]1~~~~~~~~~~~~~~~~~~
130,!CCCCc1nc(CN2CCN(CC(N)=O)CC2)no1~=O~~~~~~~~~~~~~~~~~~~~~
131,!O=c1cc(N2CCOCC2)[nH]c(=O)n1-c1ccc(Cl)cc1~O~~~~~~~~~~~~~~~~~
132,!CCc1onc(C)c1NC(=O)N1CCc2c(F)ccc(F)c2C1~~~~~~~~~~~~~~1~~
133,!Nc1ccccc1C(=O)N1CCN(CCc2ccccc2)CC1~O~~~~~~~~~~~~~~~~~~~
134,!CCCOC(=O)C(C)Sc1cc(N2CCOCC2)ncn1~~~~~~~~~~~~~~~~~~~~~~~
135,!CC(=O)Nc1ccc(S(=O)(=O)NC(C)C(N)=O)cc1~~cccc1~~~~~~~~~~~
136,!Cc1nc(C)c(C(=O)N2CC(c3ccccc3C)CC2C)s1~~~~~~~~~~~~~~~~~~
137,!CCN(C(=O)Cc1ccc(NC(C)=O)cc1)c1ccccc1~~~~~~~~~~~~~~~~~~~
138,!COc1cc(C(C)=O)ccc1OC(C)C(=O)NC1CCC(C)CC1~~~~~~1~~~~~~~~
139,!CC(=O)Nc1ccc(C)n(CC(=O)NCc2ccc(C)o2)c1=O~~~~~~~~~~~~~~~
140,!COc1ccc(CN(C)C(=O)COc2cc(C)ccc2F)cc1F~~~~~~~~~~~~~o~~~~
141,!O=C(Nc1cccc(Cl)c1)OCC(F)(F)F~F)c1nc[nH]n1~~~~~~~~~~~~~~~~~~
142,!CNC(=O)NCC(=O)NC(Cc1ccccc1)C(=O)N(C)C~~~~~~~~~~~~~~~)~~
143,!Cc1ccc(OCC(=O)NC(C)CC(C)O)c(C)c1~~~~~on)c1~~~~~~~~~~~~~
144,!O=C(C#Cc1ccccc1)N1CCN(C(=O)c2ccccc2F)CC1~~~~~~~~~~~~~~~
145,!CN(Cc1ccc2c(c1)OCCO2)C(=O)c1ccnc(-n2ccnc2)c1~~~~~~~~~~~
146,!COc1ccc(NC(=O)c2cc(=O)c(OC)co2)c(OC)c1~~~~~~~~~~~~~~~~~
147,!CN(Cc1ccc2c(c1)OCCO2)C(=O)c1cccs1~~N~~~~~~~~~~~~~~~~~~~
148,!CCOc1ccccc1-c1nnc(SCC(=O)N2CCCC2)o1~~~~~~~~~~~~~~~~~~~~
149,!CCOC(=O)c1ccn(-c2cccc(Cl)c2)n1~~~cccn1~~~~~~~~~~~~~~~~~~
150,!Clc1cn[nH]c1-c1nn2c(Cc3ccccn3)nnc2s1~~~N~~~~~~~~~~~~~~~~~~~
151,!Cc1ccc(-n2nc(CC#N)c(=O)cc2C)cc1~~~cccc1~~~~~~~~~~~~~~~~
152,!CC(C)C(=O)N1CCc2[nH]nc(C(=O)N3CCCCCC3)c2C1~~~~~~~~~~~~~~~~
153,!COC(=O)c1n[nH]c2ccc(NC(=O)c3ccccn3)cc12~~~~[nH]1~~~~~~~~~~~~~
154,!Cc1ncsc1C(=O)N(C)CC1COc2ccccc2O1~~~~~~~~~~~~~1~~~~~~~~~
155,!Cc1nc2ncccc2cc1C(=O)N1CCN(Cc2ccccn2)CC1~~~~~~~~~~~~~~~~
156,!O=S(=O)(NCc1cccc(F)c1)c1cccc(Br)c1~~~~~~~~~o1~~~~1~~~~~~
157,!Cc1nc(SCC(=O)Nc2cccc(Cl)c2Cl)oc1C~N~#N~~~~~~~~~~~~~~~~~~~
158,!CCCC(C)C(=O)N1CCC2(CC1)Nn1ccccc1NC2=O~~~~~~~~~~~~~~~1~~
159,!Cc1ccc(C)c(N(C(C)C(N)=O)S(C)(=O)=O)c1~~~~~~~~~~~~~~~~~~
160,!Cc1ccc(C(=O)COC(=O)c2nc3nc(C)cc(C)n3n2)cc1C~~~~~~~~~1~~
161,!CC(C)(C)C(=O)N1CCC(C(=O)N2CCc3nocc3C2)CC1~O~~~~~~~~~~~~
162,!Cc1ccc(OCCN2C(=O)COc3cc(N)ccc32)c(C)c1~~~~~~~~~~~~~~~~~
163,!CCn1cc(NS(=O)(=O)c2ccc(N)cc2)cn1~~~)cn1~~~~~~~~~~~~~~~~
164,!CC1CCCCN1C(=O)C1CCN(c2ccc3nncn3n2)CC1~~~~~~~~~~~~~~~~~~
165,!CNc1ccc(C)c(NS(=O)(=O)c2ccc(OC)c(C)c2)c1~~~~~~~~~~~~~~~
166,!Cc1[nH]c2ncnn2c(=O)c1CCC(=O)Nc1ccc2ccccc2c1~~~~~~~~~~~~1~~
167,!COc1ccc(OC)c(S(=O)(=O)N(C)CCO)c1~~~(C)C~~~~~~~~~~~~~~~~
168,!CC(CC1CCCC1)C(=O)NCCCn1nc2ccccn2c1=O~~~~~~~~~~~~~~~~~~~
169,!Cc1ccc(OCC(=O)NCc2cccnc2)cc1C~)cc1C~~~~~~[nH]1~~~5~~~~~~~~
170,!Cc1cc(Br)cc2c1OCCCC2=O~~~C(=O)N2~~~~~~~~~~~~~~~~~~~~~~~~
171,!COc1ccc(C)cc1N1CC(C(=O)NCC(C)C)CC1=O~~~~~~~~~~~~~~~~~~~
172,!Cc1cc2cc(NC(=O)CSc3nnc(C)n3C)ccc2[nH]1~~~~~~~~~~~~~~~~~~~~
173,!Cc1ccc(SCC(=O)N(C(C)C)C2CCOCC2)nc1~~~~~~~~~~~~~~~~~~~~~
174,!CCCOCC1CCN(C(=O)NCc2cccc3cccnc23)C1~~~~~~~~~~~~~~~~~~~~
175,!Cc1cc(C2NC(=O)c3n[nH]c(C)c3N2)cc(C)c1OC(F)F~~~~~~~~~~~~~~~
176,!Cc1ccc(-c2nc(-c3ccsc3)no2)cc1O~C(=O)N(C)C~~~~~~~~~~~)~~
177,!O=C(c1ccccc1)N1CCC(c2nc3ccccc3[nH]2)CC1~O~~~~~~~~~~~~~~~~~
178,!CC(C)c1nnc2c(N)cc(Br)cn12~~~O~~~~~~[nH]1~~~~~~~~~~~~~~~~~~~
179,!Cn1ccc(C(=O)N2CCC(Cc3nc4ccccc4s3)CC2)n1~~~~~~~~~~~~~~~~
180,!COCCNC(=O)CCNC(=O)Nc1cccc(Cl)c1~~(C)C~~~~~~~~~~~~~~~~~~~
181,!O=C(NCC1(c2ccc(Cl)cc2)CCC1)c1ccc[nH]1~~~~~~~~~~~~~~1~~~~~~~
182,!COc1cccc(CNC(=O)N2CCC(Nc3cccnn3)CC2)n1~~~~~~~~~~~~~~~~~
183,!O=S(=O)(c1cccs1)N1CCCC(c2cnccn2)C1~O~~~~~~~~~~~~~~~~~~~
184,!COc1ccc(-n2ccc(C(=O)OCC3CCNC3)n2)cc1~~~~~~~~~~~~~~~~~~~
185,!Cc1cc(C(=O)NCC2(O)CCCCC2)c(C)n1-c1nccs1~~~~~~~~~~~~~~~~
186,!Cn1cc(C(=O)Nc2ccccc2-n2ccnc2)c(C(C)(C)C)n1~~~~~~~~~~~~~
187,!CC(C)c1cc(NC(=O)C2CCCN(C(=O)N(C)C)C2)on1~~~~~~~~~~~~~~~
188,!CNC(=O)c1ccc(NC(=O)c2csc(-c3ccsc3)n2)cc1~~~~~~~~~~~~~~~
189,!CN(Cc1ccccc1N)S(=O)(=O)c1ccccc1Cl~co1~~~~~~~~~~~~~~~~~~~
190,!COc1ccc(C(=O)NC(c2nccn2C)C(C)C)cc1F~ccc1~~~~~~~~~~~~~~~
191,!Cc1nc2nc(C)c3c(=O)n(-c4ccccc4)ccc3n2n1~~cnc1~~~~~~~~~~~
192,!COC(=O)C(C)NS(=O)(=O)Cc1ccc(F)cc1~~n1cccn1~~~~~~~~~~~~~
193,!CCOc1cc(CO)ccc1OCc1cccnc1~~cccc1~~~~~~~~~~~o1~~~~~~~~~~
194,!CC(NC(=O)N(C)C(C)C)c1ccc2c(c1)OCCCO2~~~~~~~~~~~~~~~~~~~
195,!O=C(COc1ccc2c(c1)CCC2)Nc1nnc(-c2ccccn2)o1~~~~~~~~~~~1~~
196,!Cc1cc(C)n(-c2ncc(NC(=O)C3CCCO3)cn2)n1~~~~~~~~~~~~~~~~~~
197,!O=C(CO)N1CCN(C(=O)Cc2coc3ccc(F)cc23)CC1~1~C1CC1~~~~~~~~
198,!O=C(NC1CC1)c1csc(NCc2cccs2)n1~~ccc1~~~~~~~~~~~~~~~~~~~~
199,!CC(C(=O)Nc1nc2c(s1)Cc1ccccc1-2)n1cccn1~~~~~~~~~~~~~~~~~
200,!Cc1noc(NC(=O)CCc2ccc(-c3ccccc3)o2)n1~~~~~~~~~~~~~~~~~~~
201,!CCN1CC(C(=O)N(C)CCCOc2ccccc2)CC1=O~c1cc-[nH]1~~~~~~~~~~~~~
202,!O=C(NCCS(=O)(=O)N1CCc2ccccc21)c1csnn1~~~~~~~~~~~~~~~~~~
203,!Cc1csc(NC(=O)c2ccc(N(C)C)c(F)c2)n1~~~C#N~~~~~~~~~~~~~~~
204,!O=C(CN1CCN(c2ccc3nncn3n2)CC1)Nc1nccs1~~~~~~~~~~~~~~~~~~
205,!Cn1nnc2cc(CNC(=O)C3CC(=O)N(C4CCCC4)C3)ccc21~~~~~~~~~~~1
206,!CCCC(=O)NC(CC)c1nc2ccccc2n1C~~(=O)NC1CC1~~~~~~~~~~~~~~~
207,!CC(C)NC(=O)c1cn(C2CCN(C(=O)C3CCCC3)CC2)nn1~~~~~~~~~~~~~
208,!CC(C)Oc1cncc(C(=O)OCC2CC(=O)N(C3CC3)C2)c1~~~~~~~~~~~)~~
209,!Cc1ccccc1NC(=O)c1sc2nc[nH]c(=O)c2c1C~N(C)C~~~~~~~~~~~~~~~~
210,!CC(C)CC(C(=O)N1CCCC1)N1Cc2ccccc2C1=O~=O~~~~~~~~~~~~~~~~
211,!COc1ccc2c(CNc3ccc(C)c(-n4cnnn4)c3)cc(=O)oc2c1~~~~~~~~~~
212,!Cc1cc(C)c(NC(=O)CN(C)C(=O)Cc2cccc(F)c2)c(C)c1~~~~~~~1~~
213,!COc1ccccc1C(=O)Nc1cccn(Cc2ccccc2)c1=O~~~~~~~~~~~~~~~~~~
214,!Cc1c(C(=O)N2CCCC(O)(CO)C2)sc2ccc(F)cc12~-2~~~~~~~~~~1~~
215,!CC(C)(C)OC(=O)Nc1ccc2c(c1)NC(=O)CO2~CO~#N~~~~~~~~~~~)~~
216,!CS(=O)(=O)NCC1CCN(C(=O)NC2CCCC2)CC1~O~~~~~~~~o1~~~~~~~~
217,!COc1ccc(-c2cc(CC(=O)N3CCCC3)no2)cc1~~~~~~~~~~~~~~~~~~~~
218,!COc1cc(CNC(=O)N2CCCC(NC(N)=O)C2)ccn1~~~~~~~~~~~~~~~~~~~
219,!COc1ccc(Cl)cc1C(=O)COC(=O)c1ccccn1~~~~~~~~~~~~~~~~~~~~~~
220,!COC(=O)CSc1ncnc(Nc2cccnc2)c1N~(C)=O~~~~~~~~~~~~~~~~~~~~
221,!CC(NC(=O)C1COc2ccccc2O1)c1nc2ccccc2[nH]1~~~~~~~~~~~~~~~1~~
222,!C1=CC2CC1CC2CNc1cc(-n2cnnn2)ccc1F~[nH]1~~co1~~~~~~~~~~~~~~
223,!CC(=O)c1ccc(C(=O)Nc2ccccc2NS(C)(=O)=O)cc1~~~~~~~~~~~~~~
224,!Cc1cc(NC(=O)Cc2csc(Nc3ncccn3)n2)no1~~~~~~~~~~~~~~~~~~~~
225,!CC(C)c1nnc(NC(=O)Nc2ccc(Cl)cc2)s1~~~-c~~~~o1~~~~~~~~~~~~
226,!Cc1nnc(C2CCCN(C(=O)C3Cc4cc(F)ccc4O3)C2)s1~~~~~~~~~~~~~~
227,!Nc1cccc(CCN(CCO)c2ccccc2)c1~~~O~[nH]nc1=O~~~~~~~~~~~~~~~~~
228,!Cc1cccc(C(=O)N2CCOC(c3ccccc3)C2)n1~~nnc1~~~~~~~~~~~~~~~
229,!CCNC(=O)C1CC(=O)N(c2ccnc(SC)n2)C1~~ccn1~~~~~~~~~~~~~~~~
230,!Cc1nc(CNCC(O)c2ccccc2Cl)sc1C~(C)C~~~~~~~~~~~~~~~~~~~~~~~
231,!CN(CC1CC1)C(=O)CCCC(=O)c1ccc(F)cc1~~~)cc1~~~~~~~~~~~~~~
232,!COC(=O)c1oc(CS(=O)(=O)c2ccc(Cl)cc2)cc1C~~~~~~~~~~~~~~~~~
233,!CN(C(=O)COC(=O)c1ccccc1C(F)(F)F)c1ccccc1~~~~~~~~~~~~~~~
234,!CC1CCCCN1C(=O)CN1CCc2cc(F)ccc2C1~~~~~~~~~~~~~~~~~~~~~~~
235,!CC(C)(C)c1ccc(C2CCCN2Cc2nnc(C3CC3)o2)cc1~~~~~~~~~~~~~~~
236,!CC(CN1CCOCC1)NS(=O)(=O)c1cn[nH]c1~~cccc1~~~~~~~~~~~~~~~~~~
237,!Fc1cc2c(cc1F)N(Cc1cncs1)CCN2~~1CC1~~~~~~~~~~~o1~~~~~~~~
238,!O=C(NCc1cn2ccsc2n1)NC1CCc2cc(F)ccc21~~~~~~~~~~~~~~~~~~~
239,!O=C(CCN1C(=O)c2ccccc2S1(=O)=O)NCc1ccncc1~~~~~~~~~~~~~~~
240,!CCC(C)C(=O)NC1CCCCC1C(=O)NCc1ccccn1~~~~~~~~~~~~~~~~~~~~
241,!COc1ccc(CNC(=O)c2ccc(Br)cc2)cc1F~~~~~~~~~~~~~~~~~~~~~~~1
242,!CC(C)C(=O)N(Cc1cccnc1)c1ccc(Br)cc1~~~~~~~~~~~~~~~~~~~~~~
243,!CCCNC(=O)CCNC(=O)NCC1CCC(C)(C)CC1~~~~~~~~~~~~~~~~~~~~~~
244,!CCn1ccc(=O)nc1SCC(=O)Nc1ccc(Cl)cn1~~~~~~~~~~~~~o~~~~~~~~
245,!Cc1cnc(CNc2nccc(-c3cnn(C)c3)n2)cn1~~~~C1CC1~~~~~~~~~~~~
246,!COc1cccc(-c2n[nH]cc2C(=O)Nc2ccccc2Cl)c1~~~~~~~~~~~~~~~~~~~~
247,!COCC(NC(=O)c1[nH]c2ccc(F)cc2c1C)C(N)=O~C(C)C~~~~~~~~~~~~~~
248,!O=C(Nc1ccc(F)c(Cl)c1)N1CCC(O)C1~c1ccccc1~~~~~~~~~~~~~~~~
249,!Cc1c(NC(=O)CCc2ccccc2)cccc1C(N)=O~CC2~C1~~~~~~~~~~~~~~~
250,!O=C(c1cscn1)N1CCc2ncnc(-c3ccoc3)c2CC1~~~~~~~~~~~~~~~~~~
251,!CCN(C(=O)CN1CCN(c2ccc(F)cc2)C1=O)c1ccccc1~~~~~~~~~~~~~~
252,!CCOc1cc(C)ccc1NS(=O)(=O)c1cc(C(N)=O)n(C)c1~~~~~~~~~~~~~
253,!CC1CCC(NC(=O)Cc2csc(NC(=O)C(C)C)n2)CC1~~~~~~~~~~~~~~~~~
254,!COC(=O)c1cccc(NC(=O)Cc2c(C)nn(C)c2C)c1~~~~~~~~~~~~~~~~~
255,!O=c1cc(Cc2ccc(O)cc2)oc2c(F)c(O)cc(O)c12~=O~~~~~~~~~~~~~
256,!CCCn1nc(C)c(C(=O)Nc2cccc(C)c2)c1C~c1ccccn1~~~~~~~~~~~~~
257,!Cc1oc(C(=O)NCCCN2CCOCC2)cc1S(N)(=O)=O~~~~~~~~~~~~~~~~~~
258,!Cc1ccc(S(=O)(=O)c2ccc(C(=O)Nc3cccnc3)o2)cc1~~~~~~~~~1~~
259,!C=CCN1CCN(S(=O)(=O)c2ccc(OC)c(OC)c2)CC1~~~~~~~~~~~~~~~~
260,!CC1(C)CCN(S(=O)(=O)c2cccc(N)c2)CC1~O~CO~~~~~~~~~~~~~~~~
261,!COCC(C)NC(=O)CSc1nncn1C1CC1~~cco1~~~~~~~~~~~~~~~~~~~~~~
262,!c1ccc2c(c1)-n1c(nnc1CN1CCOCC1)Nc1cccnc1-2~~~~~~~~~~~~~~
263,!O=C(Nc1ccc(N2CCOCC2)c2nonc12)c1cccs1~~~~~~~~~~~~~~~~~~~
264,!CC(C)n1nnc2cc(C(O)C3COCCO3)ccc21~=O~#N~~~~~~~~~~~~~~~~~
265,!Cc1noc(COCC(=O)NC(C#N)c2ccc(F)cc2F)n1~~~~~~~~~~~~~~~~~~
266,!Cc1nc(CNC(=O)CNC(=O)c2cc3occc3n2C)n[nH]1~~~~~~~~~~~~~~~~~~
267,!COC(=O)CC1CCN(C(=O)Cn2nc(C)nc2C)CC1~~on~~~~~~~~~~~~~~~~
268,!CCCC1c2ccsc2CCN1C(=O)NCCC(=O)N1CCCC1~~~~~~~~~~~~~~~~~~~
269,!Cc1cccc(C)c1NC(=O)CCNC(=O)C(C)C1CC1~C1CC1~~~~~~~~~~~~~~
270,!CCn1nc(NCC=Cc2ccccc2)cc1C1CC1~~1ccncc1~~~~~~~~~~~~~~~~~
271,!Cc1cc(NC(=O)C2CCN(S(=O)(=O)c3ccccc3)CC2)no1~~~~~~~~~~~~
272,!Cc1cc(CN2CCN(C(=O)c3cn4c(C)cccc4n3)CC2)on1~~~~~~~~~~~~~
273,!Cc1noc(C)c1CN(C)C(=O)Nc1cccnc1-n1cncn1~~~~~~~~~~~~~~~~~
274,!Cc1cc(C(=O)Nc2ccccc2Cl)c(C)o1~~CO~~~~~~~~~~~~~~~~~~~~~~~
275,!Cc1nc(C)c(CC(=O)N2CCCC2c2cccs2)c(=O)[nH]1~~~~~~~~~~~~~~~~~
276,!CN(CC(=O)NC1CC1)C(=O)CSc1cccc2cccnc12~~~~~~~~~~~~~~~~~~
277,!CCn1nc(-c2ccccc2OC)cc(C(C)=O)c1=O~cnc(N)n1~~~~~~~~~~~~~
278,!CCOc1ccccc1CNC(=O)Nc1ccc(F)cc1F~~co1~~~~~~~~~~~~~~~~~~~
279,!CCN1CCC2(CN(C(=O)NCc3ccco3)CC2C)C1=O~c1ccco1~~~~~~~~~~~
280,!OCCCC1CN(Cc2cc3c(cc2Cl)OCO3)CCO1~~~~~~~~~~~~~~~~~~~~~~~)
281,!O=C1c2cccc(Br)c2OCCCC1(CO)CO~O~~~[nH]1~~~~~~~~~~~~~~~~~~~~~
282,!Cn1cc(Br)c(=O)c(NC(=O)C2CCOCC2)c1~~~~~~~~~~~~~~~~~~~~~~~
283,!N#Cc1ccc(CNc2cc(F)ccc2F)c(F)c1~~~ncn1~~~~~~~~~~~~~~~~~~
284,!COCCN(CC(=O)N1CCC(C)CC1)CC(F)(F)F~#N~~~~~~~~~~~~~~~~~~~
285,!COc1ccc2[nH]cc(C(=O)Nc3cccc(C)n3)c(=O)c2c1~~~~~~~~~~~~~~~~
286,!CCOC(=O)CCNc1cccc(OC(F)F)c1~~#N~#N~~~~~~~~~~~~~~~~~~~~~
287,!CCC(=O)N1CCCN(C(=O)c2cnccn2)CC1~~c1ccco1~~~~~~~~~~~~~~~
288,!CCNC(=O)CN(CC)C(=O)c1ncn(-c2ccccc2)n1~~~~~~~~~~~~~~~1~~
289,!COc1ccccc1C(=O)c1ccc(OCC(N)=O)cc1~~~co1~~~~~~~~~~~~~~~~
290,!O=C(CC1NC(=O)c2ccccc21)Nc1ccc(-c2ccno2)cc1~~~~~~~~~~~~~
291,!CCCOC(=O)C(C)n1cnc2sc(CC)cc2c1=O~OC~~~~~~~~~~~~~~~~~~~~
292,!O=C(CN1CCOCC1C1CC1)c1ccc2c(c1)CCCC2~~#N~~~~~~~~~~~~~~~~
293,!COC(=O)Nc1nc(CC(=O)Nc2cccc(C)n2)cs1~~~~~~~~~~~~~~~~~~~~
294,!CCCCC(CC)C(=O)N(C)CC(=O)N1CCOCC1~~~~~~~~~~~~~~~~~~~~~~~
295,!Cc1nc(-c2ccc(F)cc2)sc1CNC(=O)c1cccnc1~~)~~~~~~~~~~~~~~~
296,!CC(CN1CCCC1=O)NC(=O)c1cn2cccnc2n1~~~~~~~~~~~~~~~~~~~~~~
297,!CC(=O)c1ccc(S(=O)(=O)Nc2cc(F)ccc2C)cc1~~~~~~~~~~~~~~~~~
298,!CCCCCN(C(N)=O)S(=O)(=O)c1ccc(C)c(F)c1~~~~~~~~~~~~~~~~~~
299,!CCc1cc(=O)[nH]c(-c2ccc(C(F)(F)F)cc2)n1~~~CO~~~~~~~~~~~~~~~
300,!COc1ccc2cc(NC(=O)c3cc(C(C)=O)c[nH]3)cnc2c1~~~~~~~~~~~~~1~1
301,!Cc1ccc(-n2nnc(C(=O)Nc3nccs3)c2C)cc1~~~~~~~~~~~~~~~~~~~~
302,!Cc1c(-c2nc(-c3ccncc3)no2)nnn1-c1ccc(F)cc1~~~~~~~~~~~~~~
303,!CCOc1ccc(Cl)cc1C(=O)Nc1cc(C)on1~~C~~~~~~~~~~~~~~~~~~~~~~
304,!CC(NC(=O)c1ccc(-c2ccccc2)cc1)C(N)=O~C=CC1=O~~~~~~~~~~~~
305,!O=C(Nc1ccc(Cl)cc1F)c1cncn1-c1ccccc1~~~~~~~~~~~[nH]1~~~~~~~~
306,!O=S(=O)(c1ccccc1)C1CCN(Cc2ccccc2F)C1~1~~~~~~~~~~~o~~1~~
307,!NC(=O)Nc1ccc(CNC(=O)CCSc2ccccn2)cc1~~~~~~~~~~~~~~~~~~~~
308,!COc1ccc(C)cc1-n1ccnc1SCC(=O)N(C)CC1CC1~~~~~~1~~~~~~~~~~
309,!Cc1ccc(NC(=O)NCCNC(=O)c2ccccc2F)cc1C~~~~~~~~~~~~~~~~~~~
310,!CCNC(=O)Cc1csc(-c2cccc(F)c2)n1~~~~~~~~~~~~~~~~~~~~~~~~~
311,!CCn1nc(C(=O)Nc2ccc(C)c(Cl)c2)cc1C~c1ccco1~~~~~~~~~~~~~~~
312,!COc1ccccc1N(C)C(=O)c1cccc(N)c1~~~CC1~~~~~~~~~~~~~~~~~~~
313,!CC(C)CNC(=O)C(c1ccccc1)S(=O)(=O)c1ccccc1~~~~~~~~~~~~~~~
314,!CCc1cc(NC(=O)N2CCCN(C(=O)OCC)CC2)ccn1~~~~~~~~~~~~~~~~~~
315,!CC(CNC(=O)C1CCC(=O)N1)Oc1cccc(Cl)c1~~cccc1~~~~~~~~~~~~~~
316,!CS(=O)(=O)N1CCCCC1C(=O)Nc1ccc2[nH]c(=O)[nH]c2c1~~~~~~~~~~~~~~
317,!Cn1ncn(-c2ccc(F)c(Cl)c2)c(=O)c1=O~ccc[nH]1~~~~~~~~~~~~~~~~~
318,!COc1cc(S(=O)(=O)Nc2nccc(C)n2)ccc1F~NC(C)~~~~~~~~~~~~~~~
319,!CCOc1ccc(C(=O)N2CCC3(CC(N4CCCC4=O)CC3)C2)o1~~~~~~~~~~~~
320,!CC(NCCc1nccs1)c1ccc(F)c(F)c1~~~~~~~~~~~[nH]1~~~~~~~~~~~~~~
321,!CCCC1CN(C(=O)CC2Oc3ccccc3NC2=O)CCO1~~~~~~~~~~~~~~~~~~~~
322,!O=C(COC(=O)c1ccccc1S(=O)(=O)N1CCCC1)C1CC1~~~~~~~~~~~~~~
323,!Cc1nn(C)cc1CNC(=O)NCc1cccs1~~~~~cco1~~~~~~~~~~~~~~~~~~~
324,!COc1cccc(C(=O)N2CCN(C(=O)OC(C)(C)C)C(C)C2)c1~~~~~~~~~~~
325,!O=C(CCC(=O)NCc1ccccc1)Nc1ccc(O)cc1~~~~~~~~~~~~~1~~~~~~~
326,!NS(=O)(=O)c1ccc(OCCNC(=O)c2ccoc2)cc1~~~~~~-~[nH]1~~~~~~~~~
327,!CC(=O)c1cc2c(cc1NC(=O)CSc1ccccc1)OCO2~~~~~~~~~~~~~~~~~~
328,!Cn1cc(C(=O)N2CCC3(CC2)OCCO3)c2ccccc2c1=O~~~~~~~~~~~~~~~
329,!CN(CCNC(=O)NCC1CN2CCCCC2CO1)c1ccccc1~~~~[nH]1~~~~~~~~~~~~~
330,!Clc1ccc2[nH]c(CSc3nnc4ccccn34)nc2c1~~[nH]1~~~~~~~~~~~5~~~~~~~~
331,!O=C(NCc1ccco1)c1ccc(-c2cccc(Cl)c2)nc1~~~~~~~~~~~~~~~~~~~
332,!CCOC(=O)CC1CCCCN1C(=O)CCc1ccccn1~~~~~~~~~~~~~~~~~~~~~~~
333,!NC(=O)c1ccccc1NS(=O)c1ccc2ccccc2c1~~~~~~~~~~~~~~~~~~~~~
334,!COc1c(NC(=O)Cc2c[nH]c3ccccc23)c(C)nn1C~OC~~)C~~~~~~~~~~~~~
335,!COc1ccc(OC)c(C2CCN(C(=O)CCc3ccccn3)C2)c1~~~~~~~~~~~~~~~
336,!CC(NS(=O)(=O)c1cccs1)C(=O)NC(C)(C)CC(C)(C)C~~~~~~~~~~~~
337,!CCC(=O)c1ccc(OC(=O)C2CCN(CC(F)(F)F)CC2)cc1~~~~~~~~~~~~~
338,!COc1cc(C(C)=O)ccc1OS(=O)(=O)c1ccc(C(C)=O)cc1~~~~~~~~~~~
339,!Oc1ccccc1-c1nc(C2CC2)nn1-c1ccccc1~~[nH]c1=O~~~~~~~~~~~~~~~
340,!Cc1nn(-c2nc3ccccc3[nH]2)c2c1C(CC#N)CCC2~~~~~~~~~~~~~~~~~~~
341,!CS(=O)(=O)N1CCOC(CNC(=O)C2CC2)C1~c1ccccc1~~~~~~~~~~~~~~
342,!COc1cccc2c1cc(C(=O)Nc1ccc(N(C)C)nc1)n2C~~~~~~~~~~~~~~~~
343,!CCOCCCNC(=O)Cc1c(C)nc(C)[nH]c1=O~(C)n[nH]1~~~~~~~~~~~~~~~~~~~
344,!Cc1nc2ccccc2n1CC(=O)N(C)CC(=O)N1CCOCC1~~~~~~~~~~~~~~~~~
345,!COc1ccccc1C(=O)Nc1ccc(N2CCCC2)nc1~n[nH]c1~~~~~~~~~~~~~~~~~
346,!Nc1ccc(Cl)c(CS(=O)(=O)NCC(F)(F)F)c1~~~c[nH]1~~~~~~~~~~~~~~~
347,!c1ccc2cc(SCc3nccn3Cc3ccccc3)ncc2c1~~~~~~~~~~~~~~~~~~~~~
348,!Cc1cc2c(=O)n(Cc3cn4ccccc4n3)cnc2s1~~~~~~~~~~~~~~~~~~~~~
349,!CC(C)C(NC(=O)c1cccs1)C(=O)N1CCCCC1~~[nH]n~~~~~~~~~~~~~~~~~
350,!CCn1c(-c2ccccc2OC)ccc(C(C)(C)O)c1=O~n1ccnc1~~~~~~~~~~~~
351,!CNC(=O)Cn1cnc(NC(=O)C2CCOC2)n1~~~cccc1=O~~~~~~~~~~~~~~~
352,!CC(C)CN(CC(F)(F)F)C(=O)c1cc[nH]n1~~~~cccc12~~~~~~~~~~~~~~~
353,!Cc1cc(C2CN(Cc3cc(Br)cs3)CCO2)ccc1O~~[nH]1~~~~~~~~~~~~~~~~~~
354,!CCCS(=O)(=O)N1CCCC1C(=O)N=c1[nH]nc2ccccn12~~~~~~~~~~~~~1~~
355,!O=S(=O)(NCCc1ccc(O)cc1)C1CCCCC1~O~~~~1~~~~~~~~~~~~~~~~~
356,!CC(CC(=O)N1CCN(c2ccccc2)CC1)C(N)=O~c1ccccc1~~~~~~1~~~~~
357,!NC(=O)c1ccc(NC(=O)Cc2ccc3c(c2)CCCC3)cc1~~-~~~~~~~~~~~~~
358,!Cc1cc(C)c(C)c(OCC(=O)N2CCC(=O)CC2)c1~~C(C)C~~~~~~~~~~~~
359,!C=CCNC(=O)Cc1cc(OC)ccc1Br~C~O~~~~~[nH]1~~~~~~~~~~~~~~~~~~~~
360,!Cc1cccc(OCCSc2nncn2C)c1~~~~cnn1C~~~~~~~~~~~~~~~~~~~~~~~
361,!COc1ccc(C(O)C(=O)Nc2ccc(C)cc2F)cc1~~cco1~~~~~~~~~~~~~~~
362,!COc1cccc2c(=O)c(C(=O)Nc3ccc(Cl)cc3)cn(C)c12~~~~~~~~~~~~~
363,!CNC(=O)NCC(=O)N1CCC(Oc2c(C)cccc2C)CC1~~~~~~~~~~~~~~~~~)
364,!CCOC(=O)CN(Cc1nnc(-c2ccc(C)cc2)o1)C(C)C~~~~~~~~~~~~~~~~
365,!CCC(C(=O)N1CCC(c2cc(=O)[nH]c(C)n2)CC1)n1cccn1~~~~~~~~~~~~~
366,!COc1cccc(OC)c1C(=O)Nc1ccc(F)cc1F~F~~~~~~5~~~~~~~~~~~~~~
367,!COc1cccc(CN2CCCC(c3nnc4n3CCC4)C2)c1~~~~~~~~~~~~~~~~~~~~
368,!Cc1ccc(NC(=O)COC(=O)c2ccccc2C)c(O)c1~~~~~~~~~~~~~~~~~~~
369,!COc1ccc(CNC(=O)CCc2ccco2)cc1OC~~-n2cccn1~~~~~~~~~~~~~~~
370,!COCC(NC(=O)c1sc(-c2ccsc2)nc1C)C(N)=O~~~~~~~~~~~~~~~~~~~
371,!O=C1CCCCN1c1ccc(S(=O)(=O)NCCc2ccco2)cc1~~~~~~~~~~~~~~~~
372,!Cc1cc(C)c(NCC(O)c2ccc(F)cc2)c(C)c1~~~(N)=O~~~~~~~~~~~~~
373,!Cc1ccc(C2(O)CCN(c3nc(C)nc4[nH]cnc34)CC2)nc1~~~~~~~~~~~~~~~
374,!COc1ccc(-c2ccc(C(C)O)c(=O)[nH]2)c(F)c1F~~~(C)=O~~~~~~~~~~~
375,!COC(=O)n1nc(C)c2c1N=C(O)CC2c1ccccc1C(=O)OC~~~~~~~~~~~~~
376,!Cn1cnc(CNC(=O)NC2CC2c2cccc(Cl)c2)n1~~c~~~~~~~~~~~~~~~~~~
377,!O=C(Nc1ccccc1)Nc1cccc(OCCs2)c1~nccn1~~~~~~~~~~~~~~~~~~~
378,!CCn1nc2c(cc1=O)CN(c1nccc(C)n1)CC2~OC~~C~~~~~~~~~~~~~~~~
379,!O=C(Nc1ccc2[nH]c(=O)[nH]c2c1)c1cc(Cl)ccc1Cl~N1~~~~~~~~~~~~~~~~~
380,!Cc1cccnc1CNC(=O)N(C)Cc1ccco1~c1ccccc1~~~~~~~~~~~~~~~~~~
381,!COc1ccc(CCC(=O)Nc2cccc(C(N)=O)n2)cc1~~~~~~~~~~~~~~~~~~~
382,!CC(C)COc1ccc(S(=O)(=O)n2cnc(C#N)n2)cc1~~~~~~~~~~~~~~~~~
383,!N#Cc1ccc(-c2noc(-c3cc(-c4ccccc4)on3)n2)nc1~~~~~~~~~~~~~
384,!Cc1cc(C)n(C(=O)CCOc2ccccc2)c(=O)n1~(C)C~#N~~~~~~~~~~)~~
385,!COc1ccccc1-c1noc(CSc2ccncc2)n1~~~~~~~~~~~~~~~~~~~~~~~~~
386,!CC(Sc1ncccn1)C(=O)OCC1CC1(Cl)Cl~Cl~~[nH]1~~~~~~~~~~~~~~~~~~~~
387,!O=S(=O)(c1cccs1)N1CCn2nnc(-c3ccccc3)c2C1~~~~~~5~~~~~1~~
388,!COc1ccc(C)cc1NC(=O)Cn1ccccc1=O~c2ccco2)c1~~~~~~~~~~~1~~
389,!O=C(CCc1nc2ccccc2s1)N1CCN(C(=O)C2CC2)CC1~~~~~1~~~~~~~~~
390,!O=C(Nc1ccc(-n2cncn2)nc1)C1COc2ccc(F)cc2C1~~~~~~~~~~~~~~
391,!Cc1n[nH]c(-c2cccc(CNC(=O)C(C)(C)n3cncn3)c2)n1~~~~~~~~~~~~~
392,!Cc1ccc(C(=O)Nc2ccc(Cl)cn2)cc1-n1cnnn1~~~~~~~~~~~~~~~~~~~
393,!CC1COCCN1C(=O)NC1CCCc2occc21~~c1ccccc1~~~~~~~~~~~~~~~~~
394,!COCC(C)(O)CNS(=O)(=O)c1cccc(F)c1~~cco1~~~~~~~~~~~~~~~~~
395,!COc1ccc(C2NCCc3ccc(F)cc32)cc1OC~O~~~~~~~~~~~~~~o~~~~~~~
396,!Nc1cc(N)nc(SCC(=O)Nc2cccc(F)c2)n1~~~#N~~~~~~~~~~~~~~~~~
397,!CCN(CC(=O)OC)S(=O)(=O)c1ccc(C)cc1C~ccc1~~~~~~~~~~~~~~~~
398,!Cc1noc(C(C)NC(=O)Nc2ccc(Oc3ccccc3)cc2)n1~~~~~~~~~~~~~~~
399,!CN(Cc1ccc2c(c1)OCO2)C(=O)c1cccc(N2CCCC2=O)c1~~~~~~~~1~~
400,!CCC1COCCN1C(=O)Nc1ccc(Br)c(C)c1~~~~~~~~~~~~~~~~~~~~~~~~~
401,!COc1cc(C(=O)NCC(C)C)c(N(C)S(C)(=O)=O)cc1OC~~~~~~~~~~~~~
402,!CCn1nc(C)cc1C(=O)NCC(=O)Nc1ccc(F)cc1C~~~~~~~~1~~~~~~1~~
403,!CN(C)S(=O)(=O)NCc1cccnc1Oc1ccc(F)c(F)c1~~~~~~~~~~~~~1~~
404,!Cc1ccc(N)cc1NC(=O)C(C)Oc1ccccc1F~c1c[nH]cn1~~~~~~~~~~~~~~~
405,!O=C(CCc1ccccc1)NCCn1ccc(-c2cccs2)n1~~~~~~~~~~~~~~~~~~~~
406,!O=S(=O)(Nc1ccc2c(c1)OCCCO2)c1cccnc1~~~~~~~~~~~~1~~~~~~~
407,!COc1ccc(F)cc1C(=O)Nc1cc(NC(=O)CNC(C)=O)ccc1~~~~~~~~~~~~
408,!N#Cc1cccc(Cc2cnc(NC(=O)Nc3ccncc3)s2)c1~~~~~~~~~~~~~~~~~
409,!OCCn1nc(-c2cccs2)cc1NCc1ccsc1~~~~~~~~~~~)~~~~o1~~~~~~~~
410,!O=C(CSc1nnnn1-c1ccccc1)NC1CCCCC1~~~~~~~~~~~~~~~~~~~~~~~
411,!CCOc1ccc(SCC(=O)Nc2cccc(-n3cnnc3)c2)cc1~~~~~~~~~~~~~~~~
412,!Cc1cc(S(=O)(=O)N2CCOCC2)cnc1N~1CCCC1~~~~~~~~~~~~~~~~~~~
413,!C#CCN1C(=O)COc2ccc(NC(=O)CC)cc21~(C)C~~C~~~~~~~~~~~~~~~
414,!Cc1ccc(-c2nnc(Cc3nc(Cc4ccccc4)n[nH]3)o2)cc1~~~~~~~~~~~~~~~
415,!O=C(Cc1ccc(F)cc1)NC(C(=O)Nc1cc[nH]n1)c1ccccc1~~~~~~~~~~1~~
416,!Cc1c(CN2CC(C)OC(c3ccccc3)C2)cc(C#N)n1C~~1CC1~~1~~~~~~~~
417,!O=C(Nc1ncc(Cc2ccccc2F)s1)c1ccc2[nH]nnc2c1~~~~~~~~~~~~~~~~~
418,!CCOc1ccc2c(c1)CCNC2c1ccncc1C~~cccn1~~~~~~~~~~~~~~~~~~~~
419,!Cc1cc(C)cc(CCNC(=O)NCCC(=O)NC(C)C)c1~~~~~~~~~~~~~~~~~~5
420,!COc1ccc(C(=O)N2CCCN(c3ccccc3C#N)CC2)cn1~~~~~~~~~~~~~~~~
421,!CCOc1cccc2cc(C(C)NC(=O)NCc3ccco3)oc12~~~~~~~~~~~~~~~1~~
422,!Cc1nc(CC(=O)N(C)Cc2ccccc2N2CCOCC2)cs1~~~~~~~~~~~~~~~~~~
423,!Cc1cc(C)cc(NC(=O)c2cc3sccc3n2C)c1~O~~~~~~~~~~~~~~~~~~~~
424,!CN(C)c1ncccc1N(C)C(=O)c1ccc(-n2ccnc2)cc1~~~~~~~~~~~~~~~
425,!COCCNc1ncnc2sc3c(c12)CCCC3~~~~OC~~~1~~~~~~~~~~~~~~~~~~~
426,!CCn1nc(C)c(CNC(=O)c2nn(C)c(=O)c3ccccc23)c1C~~~~~~~~~~~~
427,!Cc1cc(C)n2nc(CC(=O)Nc3cccc(-n4ccnc4)c3)nc2n1~~~~~~~~~~~
428,!COC(=O)CS(=O)(=O)c1cc(C(C)(C)C)ccc1OC~~~~o1~~~~~~~~~~~~
429,!CCn1nc(C)cc1C(=O)Nc1ccccc1C(=O)N1CCOCC1~~~~~~~~~~~~~~~~
430,!CCOc1ccccc1C(=O)NCC(=O)Nc1cc(C)on1~~~~~~~~~~~1~~~~~~~~~
431,!CC(NC(=O)c1cncn1-c1ccccc1)C(=O)OCc1ccccc1~~~~~~~~~~~~~~
432,!COc1cc2c(cc1OC)CN(C(=O)CCCc1nc(C)no1)CC2~~~~~~~~~~~~~~~
433,!Cn1nc(CNS(=O)(=O)c2cccnc2)cc1-c1ccccn1~~~~~~~~~~~~~~~~~
434,!CCC1c2ccsc2CCN1C(=O)C1COc2ccccc2O1~~~~~~~~~~~~~~~~~~~~~
435,!COc1ccc(C)nc1NC(=O)c1cc(C(C)C)on1~~~cco1~~~~~~~~~~~~~~~
436,!O=C(OCCOc1ccccc1F)C1CCN(c2ncccn2)CC1~~~~~~~~~~~~~~~~o~~
437,!Cc1noc(C)c1CN1C(=O)COc2c(cccc2-c2ccccc2)N1~~~~~~~~~~~~~
438,!CNc1cc(C2CN(S(C)(=O)=O)CCO2)nc(C)n1~~~~~~~~~~~~~~~~~~~~
439,!Cc1cc2cc(CNc3ccccc3)c(=O)[nH]c2cc1C~(C)C~~~~~~~~~~~~~~~~~~
440,!CN(CCC#N)C(=O)Nc1cccc(OCC(F)(F)F)c1~ccc1~~~~~~~~~~~~~~~
441,!COCCNC(=O)Cn1c(=O)c2nnc(-c3ccccc3)n2c2ncccc21~~~~~~~1~~
442,!COc1ccc(NC(=O)NC2COc3ccccc3C2)cn1~~~~~~~~~~~~~~~~~~~~~[nH]
443,!Cc1n[nH]c(C)c1NC(=O)CNC(=O)Cc1ccccc1~~~~c1~~~~o1~~~~~~~~~~
444,!COc1cc(C(=O)Nn2cnc3ccccc3c2=O)on1~~ccc1~~~~~~~~~~~~~~~~
445,!Cc1nc2ccccc2c(=O)n1CC(O)COCc1cccs1~~~~~~~~~~~~~~~~~~~~~
446,!O=C1NCCN(Cc2[nH]nc3c2CCCC3)C1c1ccccc1Cl~~~~~~~~~~~~~~~~~~~~
447,!CC(=O)c1ccc(S(=O)(=O)NCCCc2ccc(F)cc2)cc1~~~~~~~~~~~~~~~
448,!O=C(NCC1CN2CCCCC2CO1)c1cccc(-c2ccoc2)c1~~~~~~~~~~~~~~~~
449,!COc1ccc(CNC(=O)c2cc(C)ccc2N2CCCC2=O)cc1~~~~~~~~~~~~~~~~
450,!O=C(Cc1c[nH]c2ccccc12)Nc1ccc2c(c1)OCCO2~~~~~~~~~~~~~~~~~~~
451,!O=C(NCc1nccs1)N(Cc1ccccc1)CC(F)F~~~~[nH]1~~~~~~~~~~~~~~~~~
452,!Cc1noc(C2CN(C(=O)c3ccc4c(=O)n(C)c(=O)n(C)c4n3)C2)n1~)n1
453,!CC(C)c1nc(CC(=O)Nc2n[nH]c(Cc3ccccc3)n2)cs1~~~~~~~~~~~~~~~~
454,!CCN1CCN(c2ccc(NC(=O)c3ccnn3C(C)C)cn2)C1=O~~~~~~~~~~~~~~
455,!CCCNC(=O)CN1CCN(c2cccc(C)c2C)C1=O~c1c[nH]cn1~~~~~~~~~~~~~~
456,!Cc1ccc(N2CC(C(=O)Nc3nc(C(N)=O)cs3)CC2=O)cc1~~~~~~~~~~~~
457,!Cc1ccc(CCNC(=O)NCC(=O)N(C)Cc2cnn(C)c2)cc1~~~~~~~~~~~~~~
458,!CN(C)S(=O)(=O)c1cccc(S(=O)(=O)N(C)C)c1~#N~~~~~~~~~~~~~~
459,!COC(=O)c1cc(S(=O)(=O)NCc2ccc(C)cc2)c[nH]1~~~~~~~~~~~~~~~~~
460,!CC(=O)c1cccc(NC(=O)CNC(=O)c2cccs2)c1~~~~~~~~~~~~~~~~1~~
461,!Cc1cccnc1NC(=O)NCC1(c2ccc(F)cc2)CC1~C1~~~~~~~~~~~~~~~~~
462,!CCOc1ccc(CC(=O)NCC(=O)NC2CCCCC2)cc1~~~~~)~~~~~~~~~~~~~~
463,!CCOC(=O)c1cccnc1CC(=O)c1ccco1~~ccc1~~~~~~~~~~~~~~~~~~~~
464,!CCCc1cc(C(=O)OC(C)c2nc(C)no2)sc1C~~~~~~~~~~~~~~~~~~~~~~
465,!c1cc2c(cc1C(NCc1cccs1)C1CC1)OCO2~1CC1~~~~~~~~~~~~~~~~~~
466,!N#Cc1nnn(-c2ccc(F)cc2)c1COc1ccccc1~CO~~~~~~~~~~~~~~~~~~
467,!O=C(CNc1cc(F)cc(F)c1F)NCc1cccs1~~~~~~~~~~~~~~~~~~~~~~~~
468,!CC(C)CCNC(=O)c1cn(C)c2cccc(N)c2c1=O~~O~~1~~~~~~~~~~~~~~
469,!COc1cccc(CCC(=O)Nc2ccc(CNC(N)=O)cc2)c1~~~~~~~~~~~~~~~~~
470,!COc1ccccc1NC(=O)CNC(=O)Cc1ccccc1~~~~~~~~~1~~~~~~~~~~~~~
471,!O=C(Nc1ccc2c(c1)COC2)c1cccc2c1NCCC2~O~~~~~~~~~~~~~~~~~~
472,!Cc1ccc(NC(=O)CNc2ccc(C(N)=O)c(Cl)c2)cc1~~~~~~~~~~~~~~~~~
473,!O=c1[nH]c(NCc2ccccc2-n2ccnc2)nc2c1CCC2~O~~~~~~~~~~~~~~~~~~
474,!CC(=O)c1cccc(NC(=O)NCC2CCOC2)c1~~)c1~cco1~~~~~~~~~~~~~~
475,!O=C(Nc1ccccc1C(=O)NCCCCO)OC1CCCC1~~~~~[nH]1~~~~~~~~~~~~~~~
476,!N#Cc1ccc(OC(=O)CCc2ccccc2F)cc1~#N~F~~~~~~~~~~~~~~~~~~~~
477,!CC(NC(=O)c1nccnc1N)c1ccccc1OC(F)(F)F~~~~~~~~~~~~~~~~~~~
478,!CCC1CCCC(NC(=O)NC2CCN(S(=O)(=O)CC)CC2)C1~~~~~~~~~~~~~~~
479,!CC(O)CNC(=O)c1cccc(OCc2cn3ccccc3n2)c1~~~~~~~~~~~~~~~~~~
480,!O=C(NCc1cc(-c2ccc(Cl)cc2)no1)C1CC1~1ccco1~~~~~~~~~~~~~~~
481,!N#Cc1ccccc1NC(=O)c1cnn(-c2ccc(F)cc2)n1~~~~~~~~~~~~~~~~~
482,!NC(=O)c1cnn(-c2ccc(-c3ccc(F)cc3)nn2)c1N~(N)=O~~~~~~~~~~
483,!O=C(Nc1ccsc1C(=O)Nc1cccnc1)c1ccccc1Cl~~~~~o1~~~~~~~~~~~~
484,!Cc1cccc(NC(=O)Nc2cc(F)c3[nH]c(=O)ccc3c2)c1~~~~~~~~~~~~~~~~
485,!COC(=O)c1cccc(NS(=O)(=O)c2cnn(C)c2)c1C~~~~~~~~~~~~~~~~~
486,!CC(C)(C)C(C#N)NC(=O)c1ccc(OCC(F)F)nc1~~~~~~~~~~~~~~~~~~
487,!Cn1c(SCc2nc(-c3ccsc3)no2)nnc1-c1ccco1~~~~~~~~~~~~~~~~~~
488,!CC(=O)Nc1ccc(-c2ccc(O)cc2CC#N)cc1~~c1ccco1~~~~~~~~~~~~~
489,!CC(=O)N1CCCC1C1CCCN1C(=O)COCc1ccccc1~~~~[nH]1~~~~~~~~~~~~~
490,!CN(C)S(=O)(=O)N(C)CCc1ccc2c(c1)OCO2~~~~~~~~~~~~~~~~~~~~
491,!C#CCNC(=O)NC(C)c1ccc(S(=O)(=O)NC)s1~~~~~~~~~~~~~~)~~~~~
492,!Nc1cccc(CC(C(=O)NC2CC2)c2ccc(Cl)cc2)c1~~N~~~~~~~~~~~~~~~
493,!COc1ccccc1OCC#CCNC(=O)c1cn(C)nn1~~~~~~~~~~[nH]1~~~~~~~~~~~
494,!CCOC(=O)c1c(O)c2cccnc2n(Cc2ccccc2)c1=O~~~~~~~~~~~~~~~~~
495,!Cc1nc(-c2ccc(NC(=O)NCc3ccco3)cc2)cs1~~~~~~~~~~~~~~~~~~~
496,!Cc1ccc2c(CC(=O)OCCCc3cccnc3)coc2c1~~~~~~~~~~~~~~~~~~~~~
497,!COc1ccnc(NC(=O)CCc2cccc(C)c2)c1~~ccnc1~~~~~~~~~~)o~~~~~
498,!CN(CC(O)c1ccc(O)cc1)C(=O)CN1CCOC1=O~=O~~~~~~1~~~~~~~~~~
499,!CN(C(=O)CCc1nc2ccccc2c(=O)[nH]1)C1CCCCC1~~~[nH]1~~~~~~~~~~~~~
500,!Cc1cccc(NC(=O)CN(c2ccccc2F)S(C)(=O)=O)c1~~~~~~~~~~~~~~~
501,!CCS(=O)(=O)N(Cc1ccccc1)Cc1ccco1~~)CC~~~~~~~~~~~~~~~~~~~
502,!Cc1nc(C)c(C(=O)N(C)c2ncc(Cl)cc2Cl)o1~~~~~~~~~~~~~~~~~~~~~
503,!CC(NC(=O)c1ccc(OCC(N)=O)cc1)C(=O)N1CCCCC1~~~~~~~~~~~~~~
504,!O=C(C1CC=CCC1)N1CCN(c2ccccc2)CC1~CO~~~~~~~~~~~~~~~~~~~~
505,!COc1ccc(S(=O)(=O)Nc2ccc(N)cc2OC)cc1~C~~~~~~~~~~~~~~~~~)
506,!Cc1nc(N)cc(N2CC3CCCC(CC(=O)N(C)C)C3C2)n1~~~~~~~~~~~~~~~
507,!CC(=O)Nc1ccc2[nH]c(-c3cccc(F)c3)nc2c1~~~1CC1~~~~~~~~~~~~~~
508,!Cc1cccc(NC(=O)CC(C#N)c2cccc(C)c2)c1~~~~~~~~~~~~~~~~~~~~
509,!Cc1ccc(CN2C(=O)C(C(C)C)Oc3cc(N)ccc32)cc1~~~~~~~~~~~~~~~
510,!COCCn1cc(NC(=O)c2ccc(-n3ccnn3)cc2)cn1~~~~~~~~~~~~~~~~~~
511,!CC(=O)c1c(C)[nH]c(C(=O)NCCCn2cccn2)c1C~(C)C~~~~~~~~~~~~~~~
512,!O=C(Nc1ccccc1OC(F)(F)F)N1CCC(O)CC1~O~~~~~~~~~~~~~~~~~~~
513,!CCCOc1ccc(-c2cc(C(=O)OCC)n(C)n2)cc1~~n1~~~~~~~~~~~~~~~~
514,!Cc1noc(CCCC(=O)NCc2cscn2)n1~~cccc1~~~~~~~~~~~~~~~~~~~~~
515,!CC(C)N(C(=O)c1cc(F)c(F)c(F)c1)c1ccccc1~(N)=O~~~~~~~~~~~
516,!CCCC(=O)N(C)C(C#N)c1ccc2c(c1)OCO2~~~cco1~~~~~~~~~1~~~~~
517,!O=C(CNC(=O)c1cc(Br)c[nH]1)Nc1cccc(F)c1~~~~5~~~~~~~~~~~~~~~~
518,!CC(C)CC1COCCN1CC(=O)Nc1nc2ccc(F)cn2n1~~~~~~~~~~~~~~~~~~
519,!Cc1cnc2n(c1=O)CC(C(=O)NCc1cccnc1)CS2~~=O~~o1~~~~~~~~~~~
520,!CCOC(=O)Nc1ccc(S(=O)(=O)Nc2ccccc2)cc1~~~~~~~~~~~~~~~~~~
521,!CCCCc1nc(-c2nccn2CCc2cccc(O)c2)c[nH]1~~~~~~~~~~~~~~~~~~~~~
522,!CC(CC(=O)NCc1ccccc1-n1ccnc1)c1ccc(F)cc1~~~~~~~~~~~~~~~~
523,!COc1cc(C)ccc1OCC(=O)N1CCC(c2cccs2)CC1~~~~~~~~~~~~~~~~~~
524,!COc1ccc(-n2ncc3c(NC4CC4)ncnc32)cc1~~nno1~~~~~~~~~~~~~~~
525,!COCCn1nc(C(=O)N(C)c2cccc3ncccc23)ccc1=O~~~~~~~~~~~~~~~~
526,!CC(C)(CNC(=O)Cn1cnc2c1c(=O)n(C)c(=O)n2C)C(N)=O~~~~~~~~C
527,!O=C(CCC(=O)c1ccc2c(c1)CCCC2)Nn1cnc2ccccc21~~~~~~~~~~1~~
528,!c1ccc2c(Cl)c(-c3nn4c(C5CC5)nnc4s3)ccc2c1~~~~~~~~~~~~~~~~
529,!COC(=O)N1CCC(CNC(=O)c2ccc(C(F)(F)F)cc2)CC1~~~~~~~~~~~~~
530,!CC(C)n1nccc1NC(=O)CN1CCN(CC(F)F)CC1~~~~~1~~~~~~~~~~~~~~
531,!NC(=O)Cn1cc(NC(=O)Nc2cccc(-c3ccn[nH]3)c2)cn1~~~~~~~~~~~~~~
532,!COC(=O)c1cc(-c2ccc(O)c3ncccc23)nn1CCO~~~~~~~~~~~~~~~~~~
533,!CC(O)(CNC(=O)Cc1ccc(F)cc1F)c1cccs1~~~~~~~~~~~~~~~~~~~~~
534,!CCCN1C(=O)CCc2cc(NC(=O)CC(C)(C)C)ccc21~F~~~~~~~~~~~~~~~
535,!CC(C)(C)c1ncc2c(n1)CN(C(=O)c1ccc(-n3cccc3)cc1)C2~~~~)c1
536,!Cc1ccc(OCCN2C(=O)COc3cc(N)ccc32)c(C)c1~~~~~~~~~~~~~~~~~
537,!O=C(NCC1CCOC1)c1cncn1-c1ccccc1~(F)(F)F~~~~~~~~~~~~~~~~~
538,!CC(C)(C)NC(=O)NCCC(=O)N1CCCc2ccccc21~~~~~~~~~~~~~~~~~~~
539,!Cc1ccc(-c2nn(CC(=O)NCCC(C)C)cc2Br)o1~~~~~~~~~~~~~~~~~~~~
540,!CC1(C)CN(CC(=O)NCc2ccncc2)C1(C)C~1ccccc1~~~~~~~~~~~~~~~
541,!Cc1cc(C(=O)Nc2ccc(Br)cc2Cl)c(C)o1~~~~~~~~~~~~~~~~~~~~~~~~
542,!CCc1c(C(=O)NCc2ccnn2C)cnn1Cc1ccccc1~~~~~~~~~~~~~~~~~~~~
543,!Cc1ccc(C)c(S(=O)(=O)N(CCO)C(C)C)c1~~~~no1~~~~~~~~~~~~~~
544,!CCC(CC)NC(=O)N1CCN(Cc2nc(C(C)C)no2)CC1~~~~~~~~~~~~~~~~~
545,!Cc1ccc(S(=O)(=O)NC(C)C#N)cc1C(=O)NC1CC1~~~~~~~~~~~~~~~)
546,!CCOc1c(Cl)cccc1NC(=O)c1n[nH]c2ccccc12~~~~~~~~~~~~~~~~~~~~~~
547,!CCOC(=O)c1cc(C#N)nc2c1ccc1ccccc1c2=O~~1~~~~~~~~~~~~~1~~
548,!CCC1=C(C(=O)OC)C(c2ccc(OC)cc2)NC(=O)N1~~~~~~~~~~~~~~~~~
549,!Cc1ccccc1CNc1cccc(C(=O)N2CCCC2)c1~~c[nH]1~~~~~~~~~~~~~~~~~
550,!Cc1nc(CCNC(=O)N2CCOC(C(=O)NC3CCCC3)C2)cs1~~~~~~~~~~~~~~
551,!Cc1n[nH]c(C(=O)NCCn2nc3ccccn3c2=O)c1Br~~~~~~~~~~~~~~~~~~~~~
552,!O=C(Nc1ccc2c(c1)COC2)c1ccc(-c2cscn2)cc1~~~~~~~~~~~~~~~~
553,!Cn1c(CNC(=O)Nc2ccc(F)cc2F)nc2ccccc21~F~~~~~~~~~~~~~~~~~
554,!COc1cc(C(=O)NCCNC(=O)Nc2cccc(C)c2C)ccn1~~~~~~~~~~~~~~~~
555,!CCN(CC(=O)Nc1cccc(NC(C)=O)c1)c1ccc(F)cc1~~~~~~~~~~~~~~~
556,!Cc1ccsc1CN(C)S(=O)(=O)c1ccc2c(c1)CCO2~~~~~~~~~~~~~~~~~~
557,!OCc1nnc(SCc2ccc(F)c(Br)c2)n1C1CC1~~~~~~~~~~[nH]1~~~~~~~~~~~
558,!O=C(NCCNc1ncccn1)c1cnn2c1OCCC2~~N1CC1CC1~~~~~~~~~~~~~~~
559,!CC(=O)NCc1nc2ccccc2n1CC(=O)OC(C)C~~#N~~~~~~~~~~~~~~~~~~
560,!CC(C)(C)OC(=O)N1CCc2nccc(N)c2C1~O~(C)(C)C~~~~~~~~~~~)~~
561,!COCCN(CC(=O)N(C)C)C(=O)c1cc(C)ccc1C~(C)C~~~~~~~~~~~~~~~
562,!NC(=O)Cc1ccc(NC(=O)c2ccnc(OC3CCC3)c2)cc1~~~~~~~~~~~~~~~
563,!COCCCNC(=O)C(C)N1CCc2c(nc(C)n2C2CC2)C1~~~~~~~~~~~~~~~~~
564,!O=C(Cc1cccc(F)c1F)N1CC2OCCN(CC3CC3)C2C1~~~~~~~~~~)~~~~~
565,!Cc1ccc(-c2nc(CN3CCOCC3C3CC3)cs2)o1~~~~~~~~~~~~~~~~~~~~~
566,!O=C(Nc1ccc(-c2cn3ccsc3n2)cc1)C1CCOC1~~~~~~~~~~~~~~~~~~~
567,!Cc1ccc(C(=O)Nc2nc(-c3cccnc3)cs2)c(O)c1C~~~~~~~~~~~~~~~~
568,!CCc1nnsc1C(=O)NCC1(c2cccs2)CCOCC1~~~~~~~~~~~~~~~~~~~~~~
569,!N#Cc1c(N)nc2c(c1-c1ccccc1)c(=O)nc1sccn12~~~~~~~~~~~~~~~
570,!O=C(Cn1c(C(F)(F)F)nc2ccccc21)Nc1nccs1~~~~~~~~~~~~~~~~~~
571,!Cc1ccc(Cl)cc1N1CCN(C(=O)c2ccnn2C)CC1~~~~~~~~~~~~~~~~~~~~
572,!CCNC(=O)Nc1cccc(NC(=O)NCc2ccccn2)c1~~~~~~~~~~~~~~~~~~~~
573,!Cc1ccc(NC(=O)C(C)S(=O)(=O)c2ccccc2)cc1F~~~~~~~~~~~~~~~~
574,!CC(C)CCNC(=O)Cn1nc2n(c1=O)CCCCC2~~#N~~~~~~~~~~~~~~~~~~~
575,!CCC(=O)NCCc1ccc2c(c1)CC(C)N2C(C)=O~OC~~~~~~~~)~~~~~~~~~
576,!COc1ccc(CC2CCN(S(=O)(=O)N(C)C)CC2)cc1~~~~~~~~~~~~~~~~~~
577,!Cc1nc(C(=O)N2Cc3cnn(Cc4ccc(F)cc4)c3C2)cs1~~~~~~~~~~~~~~
578,!CCS(=O)(=O)N1CCc2c(nc(-c3ccncc3)nc2N(C)C)C1~~~~~~~~~~~~
579,!COc1ccc(CN2CCC(c3n[nH]cc3C)C2)cc1SC~)C~~~~~~~~~~~~~~~~~~~~
580,!CC1COCC(C)N1C(=O)c1ccccc1N(C)c1ccccc1~~~~~~~~~~~~~~~~~~
581,!CC(C)Cc1ncc(CNC(=O)N2CCCCCC2)s1~~~~~~~~~~~-~[nH]1~~~~~~~~~
582,!COc1ccccc1NC(=O)N1CCc2nnc(Cn3cccn3)n2CC1~~~~~~~~~~~~1~~
583,!CCOCCNC(=O)N1CCC(CSc2ncccn2)CC1~~~~~~~~~~~~~~~~~~~~~~~~
584,!O=C(CCCNC(=O)Nc1cccnc1)Nc1ccccc1~~cc~~~~~~~~~~~~~~~~~~~
585,!CC(C)CC(NC(=O)c1cc(C(N)=O)cs1)c1ccc(Cl)cc1~~~~~~~~~~~~~~
586,!C#CCOCCC(=O)Nc1ccc2nc(-c3ccc(C)cc3)[nH]c2c1~~~~~~~~~~~~~~~
587,!Cc1cnn(CCC(=O)N2CCN(c3ncc(Cl)cc3F)CC2)c1~~~~~~~~~~~~~~~~
588,!NC(=O)Cc1ccc(C(=O)c2ccncc2)s1~~1ccccc1~~~~~~~~~~~~~~~~~
589,!CCS(=O)(=O)N1CCCCC1CNC(=O)OC(C)(C)C~~~~~~~1~~~~~~~~~~~~
590,!O=C(CSc1nc2ncccc2[nH]1)N(Cc1ccccc1)C1CC1~~~~~~~~~~~~~~~~~~
591,!COc1ccc(Cc2noc(Cn3nc(C)nc3C)n2)cc1~~~~~~~~~~~~~~~~~~~~~
592,!CCCc1noc(CCC(=O)Nc2cc(S(C)(=O)=O)ccc2C)n1~~~~~~~~~~~~~~
593,!CCC(=O)c1ccc(OCC(=O)Nc2cccc(O)c2)cc1~~~~~~~~~~~~~~~~~~~
594,!Cc1ncccc1C1NCCc2c1ccc1cc[nH]c21~~~~~1~~~~[nH]1~~~[nH]1~~o1~~~~~~
595,!O=C(OCCNc1cccnn1)c1ccc(N2CCCC2=O)cc1~~~~~~~~~~~~~~~~~~~
596,!CCCCn1nnnc1CN1CCOC(Cn2cccn2)C1~~co1~~~~~~~~~~~~~~~~~~~~
597,!Cc1cc(C)c(C(=O)N2CCC(c3cc4ncc(C)nc4[nH]3)CC2)[nH]1~~~~~~~~~~~
598,!CC(C)C(=O)N1CCN2C(=O)N(CC3CC3)CC2C1~c1ccccc1~~~~~~~~~~~
599,!O=C(COc1ccc(Cl)cc1)N1CCOCC1~1ncon1~~~~~~~~~~~~~~~~~~~~~~
600,!CNC(=O)C1(NC(=O)c2cn(C)nc2-c2cccs2)CCCCC1~~~~~~~~~~~~~~
601,!CC1CN(c2ccccc2NC(=O)c2ccco2)CC(C)O1~~~~~~~~~~~~~~~~~~~~
602,!O=C(Cn1ccnc1)Nc1ccc(C(=O)NC2CC2)c(Cl)c1~~~~~~~~~~~~~~)~~
603,!O=C(Nc1ccc(Oc2ccccc2)cc1)c1cccnc1~~~~~~~~~~~~~~~~~~~~~~
604,!CCc1cc2c(=O)n(CC(=O)NC3CCCCC3)cnc2s1~~~~~~~~~~~~~~~~~~~
605,!c1cnc2c(-c3ccc4nc(C5CC5)[nH]c4c3)cnn2c1~cncn1~~~~~~~~~~~~~
606,!Cn1cc(CCC(=O)Nc2ccccc2C(F)(F)F)cn1~~~C#N~~~~~~~~~~~~~~~
607,!CC(C)c1ccc(C(C)(C)NC(=O)c2ccc(S(N)(=O)=O)o2)cc1~~~~~~~~
608,!Cc1ccc(C(=O)CCC(=O)Nc2ccccc2S(C)(=O)=O)cc1~~~~~~~~~~)~~
609,!CNC(=O)c1nn(-c2ccc(F)cc2)c(=O)cc1OC~1ccco1~~~~~~~~~~~~~
610,!Cc1cccc(OCCCn2nnc(C#N)c2C2CCC2)c1~~con1~~~~~~~~~~~~~~~~
611,!N#CC1CCN(C(=O)COC(=O)C2(c3ccccc3)CCCCC2)CC1~~~~~~~~~~~~
612,!COCC(=O)N1c2ccccc2CC1C(=O)NCCc1ccccc1~~~~~~~~~~~~~~~~~~
613,!Cc1cccc(NC(=O)c2cc3cc(F)ccc3[nH]2)n1~~~cnc1~~~~~~~~~~~~~~~
614,!CCNc1nc2c(c(=O)n(CC)c(=O)n2C)n1Cc1ccccc1~~~~~~~~~~~~~~~
615,!O=C(NC1CCN(c2c(F)cccc2F)C1)c1cccnc1~~~~~~~~~~~~~~~~~~~~
616,!CCCc1c(CO)nnn1CCOc1ccc(Cl)cc1~~~on~~~~~~~~~~~~~~~~~~~~~~
617,!Cc1ccc(NC(=O)NCc2noc(-c3ccsc3)n2)cc1F~~~~~~~~~~~~~~~~~~
618,!COc1ccccc1C(C)N(C)C(=O)CCNC(=O)c1ccsc1~~~~~~~~~~~~~~~~~
619,!Cc1ccc(S(=O)(=O)Oc2ccc3c(c2)ncn3C)c(F)c1~~~~~~~~~~~~~~~
620,!CSc1ncc(CN(C)c2ncccc2OC(F)F)cn1~~~~~~~~~~~~~~~~~~~~~~~~
621,!CCOc1ccc(NC(=O)COc2cccc(C(N)=O)c2)cc1F~~~~~~~~~~~~~~~~~
622,!C#CCN1CCN(C(=O)NCc2cc(CC)no2)CC1~(C)C~C~~~~~~~~~~~~~~~~
623,!CCc1cc(NCCc2c(C)n[nH]c2C)n2nccc2n1~~~~~~~~~~~~~~~~~~1~~~~~
624,!COc1ccc2c(c1)C(c1ccccc1)C(C#N)C(=O)N2~~O~~~~~~~~~~~~~~N
625,!CCn1c(CN(C)C(=O)Nc2ccccc2Cl)nc2ccccc21~~~~~~~~~~~~~~~~~~
626,!CCS(=O)(=O)N1CCC(C(=O)Nc2nc(C)cs2)CC1~~~~~~~~~~~~~~~~~~
627,!CCCOC(=O)c1ccc(NS(C)(=O)=O)cc1~~~~con1~~~~~~~~~~~~~~~~~
628,!O=C(CNC(=O)C1CCCCC1)NCc1cccnc1~~cncc1~~~~~~~~~~~~~~~~~~
629,!O=C(NCCCn1ncccc1=O)C1CC(=O)N(Cc2ccco2)C1~~~~~~~~~~~~)~~
630,!CCOc1ccccc1NC(=O)CNC(=O)C1CC1C~~cc~~~1~~~~~~~~~~~~~~~~~
631,!COC(=O)c1ccc(CN2CCCCC2C(=O)OC)o1~~~~~~)c~~~[nH]1~~~~~~~~~~
632,!Cc1cc(F)ccc1CCNC(=O)c1ccc2c(c1)NC(=O)CCS2~~~~~~~~~~~~~~
633,!Cc1cnn(CCC(=O)NCc2ccccc2OCc2ccccc2)c1~~~~~~~~~~~~~~~~~~
634,!COCc1ccccc1C(=O)NC1CCCN(C(=O)OC(C)(C)C)C1~~~~~~~~~~~~~~
635,!CC1CN(CC(=O)Nc2nncs2)c2ccccc2S1~~~=O~~~~~~~~~~~~~~~~~~~
636,!COC(=O)c1cc(S(N)(=O)=O)ccc1N1CCCC1CO~~~~~~~~~~~~~~~~~~~
637,!COC(=O)c1ccc2c(cnn2Cc2ccoc2)c1~~n(C)n1~~~~~~~~~~~~~~~~~
638,!CCc1ccccc1NC(=O)c1c[nH]nc1-c1ccccc1F~~cco1~~~~~~~~~~~~~~~~
639,!COc1ccc(-c2nc(Cc3c[nH]cn3)sc2C)cc1F~o1~~~~~~~~~~~~~~~~~~~~
640,!CC(C)(CNC(=O)c1sccc1C1CC1)c1ccncc1~~~~~~~~~~~~~~~~~~~~~
641,!CC(=O)N1CCN(C(=O)c2coc(NC(=O)c3ccco3)n2)CC1~~~~~~~~~1~~
642,!CNS(=O)(=O)CC(=O)NCc1ccc(C(=O)NC2CC2)cc1~~~~~~~~~~~~~~~
643,!CC(C)n1c(CN2CCOCC2)nc2cc(NC(=O)C3CC3)ccc21~~~~~~~~~~~~~
644,!COc1ccccc1OC(C)C(=O)N1CCN(C2CCCCC2)CC1~~~~~~~~~~~~~~~~~
645,!O=C1NC(c2cnc(CO)s2)Nc2cc(Cl)ccc21~=O~~~~~~~~~~~~~~~~~~~~
646,!Cc1cc(COC(=O)C2CCN(c3cnccn3)CC2)no1~~~~~~~~~~~~~~~~~~~~
647,!Cc1nc2c(c(=O)n1C)CCN(C(=O)c1ccccc1)CC2~~[nH]1~~~~~~~~~~~~~
648,!Cc1ccoc1C(=O)Nc1nc2cc(Cl)ccc2n1C~CC#N~~~~~~~~~~~~~~~~~~~
649,!O=C(CC1C=CCC1)N1CCN(C(=O)c2ccoc2)CC1~CO~~~~~~~~~~~~~~~~
650,!CC(C)(C)C(NC(=O)c1ccc2c(c1)NC(=O)CS2)C(N)=O~~~~~~~~~~~N
651,!CCOC(=O)C1=C(C)Nc2nnnn2C1c1ccccc1OCC~~~~~~~~~~~~~~~~~~~
652,!O=C(COC(=O)c1ccco1)NCc1cc2ccccc2o1~~~~~~~~~~~~~~~~~~~~~
653,!CC(O)CN1CCN(C(=O)C2CC2c2cccnc2)CC1~~cco1~~~~~~~~~~~~~~~
654,!CCOc1cc(CCC(=O)N(CC)CC)cc(N)c1O~~~~~~~~~~~~~~~~~~~~~~~~
655,!CC(NC(=O)c1sccc1-n1cccc1)C(=O)N1CCCCC1~~~~~~~~~~~~~~~~~
656,!Cc1cc(C)c(NC(=O)c2c(F)cccc2F)c(C)c1~(=O)N(C)C~~~~~~~~~~
657,!COCCc1nnc(NC(=O)c2c(-c3ccccc3)noc2C)s1~~~~~~~~~~~~~~~~)
658,!O=C(CC1CCCC1)OCc1nccn1Cc1ccccc1~~ccc1~~~~~~~~~~~~~~~~~~
659,!CCC(C)C(NC(N)=O)C(=O)Nc1ccc(C)c(C)c1~~~~1~~~~~~~~~~~~~1
660,!CC(C#N)N1CCN(c2ccc(C#N)cc2Cl)CC1~~~O~~~~~~~~~#~~~~~~~~~~
661,!Cc1ccc(C)c(S(=O)(=O)N(C)c2cc(N)ccc2C)c1~~~~~~~~~~~~~~~~
662,!COc1ccccc1C(=O)NCCC(=O)N1CCCC1c1noc(C)n1~~~~~~~~~~~~~~~
663,!COc1ccc(C(O)CNC(=O)c2ccc(C(C)=O)cc2)cc1~~~~~~~~~~)~~~~~
664,!Cc1cc(N(CCO)CCO)n2c(nc3ccccc32)c1C#N~~~~~~~~~~~~~~~~~~~
665,!COc1cc2c(cc1F)CCNC2c1ccc(F)cc1~#N~c[nH]1~~~~~~~~~~~~~~~~~~
666,!CCC(C)OC(=O)c1ccc2c(=O)n3c(nc2c1)CCC3~~~~~~~~~~~~~~~~~~
667,!COC(=O)c1cccc(CCNC(=O)c2c[nH]nc2C)c1~~cs1~~~~~~~~~~~~~~~~~
668,!O=c1[nH]cnc2c1CCN(S(=O)(=O)c1ccccc1)CC2~O~~~~~~~~~~~~~~~~~
669,!COCCOc1ccccc1C(=O)Nc1cccc(C(N)=O)c1~~~~~~~~~~~~~~~~~~~~
670,!O=C(CN1C(=O)CCc2ccccc21)Oc1ccc(Cl)cc1~~~~~~~~~~~~~~~~~~~
671,!O=C(Nc1cccc(Cn2ccnc2)c1)c1ccccc1Br~~~~~~~~~~)~~~~~~~~~~~
672,!CCCNC(=O)CCC(O)c1ccc2c(c1)OCCO2~~~~~~~~~~~~~~~~~~~~~~~~
673,!CSc1cccc(NC(=O)COc2ccc(F)c(F)c2)c1~~~~~~~~~~~~~~~~~~~~~
674,!CCCn1c(=O)[nH]c(=O)c2cc(C(=O)NC3CCCC3)cnc21~~~~~~~~~~~~~~~
675,!CNC(=O)Nc1cc(C)n(-c2nc(C)cc(C)n2)n1~~c(F)cn1~~~~~~~~~~~
676,!Cc1nc(C(=O)Nc2cc(Cl)ccc2O)cs1~~c1ccccc1~~~~1~~~~~~~~~~~~
677,!CC(=O)Nc1cc(NC(=O)c2ccccn2)ccc1Cl~(C)C~~~~~~~~~~~~~~~~~~
678,!COc1ccc(CCCNC(=O)NC(C)c2c(C)noc2C)cc1~~~~~~~~~~~~~~~~~~
679,!COc1c2ccc(C(=O)N3CCOCC3)cc2nn1C~c1ccco1~~[nH]1~~~~~~~~~~~~
680,!O=C(c1c[nH]c(=O)[nH]c1=O)N1CCCc2ccccc21~F~)C2~~[nH]1~~~~~~~~~~~~
681,!O=C(NCCN1CCCS1(=O)=O)c1cc2ccccc2oc1=O~~~o1~~~~~~~~~~~~~
682,!Cc1ccc(S(=O)(=O)NCC(O)c2cn(C)c3ccccc23)cc1~~~~~~~~~~1~~
683,!Cc1ccc(OCC(=O)NCc2cnn(Cc3ccccc3)c2)cc1~~~~~~~~~~~~~~~~~
684,!Cc1cccc(-n2ccnc2SCc2nnc(C3CC3)o2)c1C~~~~~~~~~~~~~~~~~~~
685,!Cc1cc(F)ccc1CCNC(=O)c1cnn(-c2ccccn2)c1C~~~~~~~~~~~~~~~~
686,!CCc1ccc(CNC(=O)c2cc(C3CC3)nc3onc(C)c23)cc1~~~~~~~~~~~~~
687,!COc1ccc(Cl)cc1NC(=O)c1ccnc(OC2CCC2)c1~~~~~~~~~~~~~~~~~~~
688,!COc1cc(CO)c(-c2cc(C)cc(C)c2OC)cc1OC~~)o1~~~~~~~~~~~~~~~
689,!COC(=O)CCCN1C(=O)C(C)Nc2cc(F)ccc21~~~~~~~oc1~~1~~~~~~~~
690,!O=C(Nc1cccc(CO)c1)c1ccc2c(c1)CCCC2~~#N~~~~~~~~1~~~~~~~~
691,!CCN(C(=O)CCCc1cccs1)C1CCOCC1~~~~~~~~~~~~~~~~~~~~~~~~~~~
692,!O=C(NCC1(c2ccc(F)cc2F)CC1)C1CC=CC1~(F)F~~~~~~~~~~~~~~~~
693,!O=C(NC(c1ccc(F)cc1)c1ccncc1)c1ccoc1~~~~~~~~~~~~[nH]1~~~~~~
694,!O=C(Cn1nc(C(=O)N2CCCC2)ccc1=O)Nc1ccccc1F~~~~~~~~~~~~~~~
695,!Cc1cc(NC(=O)CNC(=O)c2cc3sccc3n2C)n(C)n1~~~~~~~~~~~~~~~~
696,!CC(C)CC(C)(NC(=O)c1cc2cc(F)ccc2[nH]1)C(N)=O~~~~~~~~~~~~~~N
697,!COc1ccc(S(=O)(=O)Oc2ccc(-n3cnnn3)cc2)cc1~~~~~~~~~~~~~~~
698,!CCN(C(=O)C1CCCO1)c1ccc2ccccc2c1~~cnc1=O~~~~~~~~~~~~~~~~
699,!CN(Cc1nc2ccccc2[nH]1)C(=O)CC1=CCCCC1~~~o1~~~~~~~~~~~~~~~~~
700,!CCOC1CC2(CCN(C(=O)CC3Cc4ccccc4C3)CC2)C1~~~~~~~~~~~~~~~~
701,!CC(C)S(=O)(=O)NCc1ccnc(OC2CCCCC2)c1~~c[nH]1~~~~~~~~~~~~~~~
702,!COc1cc(N2CCC(NC(=O)c3ccccc3Cl)C2)nc(N)n1~~~~~~~~~~~~~~~~
703,!Cn1cnc(CNS(=O)(=O)c2cc3c(cc2Cl)NC(=O)CO3)n1~~~~~~~~~~~~~
704,!CCc1ccc(C(=O)CCC(=O)N2CCC(C(N)=O)CC2)cc1~~~~~~~~~~~~~~~
705,!CC(C)NC(=O)NCC(c1ccccc1)N1CCOCC1~~~~C#N~~~~~~~1~~~~~~~~
706,!CC(C)CNC(=O)CCNC(=O)NC(C)c1cccc2ccccc12~~~~~~~~~~~~~1~~
707,!Cc1cccc(NC(=O)CNC(=O)Cc2ccccc2)c1C~~~~~~~~~~~~~~~~~~~~~
708,!CCc1cnc(C(C)NC(=O)Nc2cccnc2-n2cncn2)s1~~~~~~~~~~~~~~~~~
709,!CNC(=O)C(C)NC(=O)NC1CCC(C)(C)c2ccccc21~~~~~~~~~~~~~~1~~
710,!Cc1ccc(SCCNC(=O)c2cnc3n(c2=O)CCS3)cc1~~~~~~~~~~~~~~~~~~
711,!COC(=O)CN1C(=O)COc2c(OC)cc(CO)cc21~~~~~~~~~~~~~~~~~~~~~
712,!Cc1nccc(N2CCCC3(C2)C(=O)Nc2ccccc23)n1~~~~~~~~~~~~~~~~~~
713,!O=C(Nc1ccccn1)NC1CCc2cc(F)ccc21~~~[nH]c1=O~~~~~~~~~~~~~~~~
714,!Cc1cc(C(=O)NC2(C)Cc3ccccc3C2)c2c(C)noc2n1~~~~~~~~~~~~~~
715,!CC1CCC(NC2=NS(=O)(=O)c3ccccc32)CC1~~~(N)=O~~~~~~~~~~~~~
716,!CCOCC(=O)N1CCN(c2ccc(F)cc2)C(=O)C1C~~~~~~~~~~~~~~~~~~~~
717,!CC(C)C(=O)Nc1cccc(C(=O)N(C)Cc2ccc(C#N)cc2)c1~~~~~~~~)~~
718,!O=C(Nc1ccnn1Cc1ccccn1)c1cn2cccnc2n1~~~~~~~~~~~~~~~~~~~~
719,!COc1cccc2cc(C(=O)Nc3ccc(F)cc3)c(=O)oc12~~~~~~~~~~~~~~~~
720,!Cc1cc2nc(NCCCN3CCOCC3)c3ccccc3n2n1~~~~~~~~~~~~~~~~~~~~~
721,!O=C1C(N2CC=C(c3ccc(F)cc3)CC2)CCN1CC(F)(F)F~~~~~~~~~~~~~
722,!COc1ccc(C(=O)CN2CCN(CCO)CC2)cc1N~(C)=O~~~~~~~~~~~~~~~~~
723,!Cc1[nH]ncc1CCCNC(=O)CCc1ccc2c(c1)OCO2~~~~~~~~~~~~~~~~~~~~~
724,!O=C(Cc1ccc(F)cc1)NCC(O)c1cccs1~~~c1~~~~~-~~~~~~~~~~~~~~
725,!CCOc1ccc(OCC)c(NC(=O)c2cccc(-n3cnnn3)c2)c1~~~~~~~~~~~~~
726,!O=c1c2c([nH]c3c(-c4ccc(F)cc4)cnn13)CCCC2~~1CC1~~~~~~~~~~~~
727,!CC(CC#N)N1CCN(CC(=O)Nc2cccc3ccccc23)CC1~~~~~~~~~~~~~~~~
728,!Cc1cccc(C(=O)Nc2ccccc2N2CCCC2=O)c1~~nnn1~~~~~~~~~~~~~~~
729,!CCc1noc2ncnc(NCCCN3CCOCC3)c12~1ccco1~~~~~~~~~3~~~~~~~~~
730,!CC(C)CN1CCOC(CNS(=O)(=O)c2ccccc2)C1~~~~~~~~~~~~~~~~~~~~
731,!COc1ccccc1CNC(=O)Cn1nc(C)nc1-c1ccccc1~~~~~~~~~~~~~~~~~~
732,!COCCNC(=O)CN(C)S(=O)(=O)N1CC(C)OC(C)C1~~~~~~~~~~~~~~)~~
733,!O=C(NCc1ccc(-n2cnc3ccccc32)cc1)C1CCC1~O~~~~~~~~~~~~~~~~
734,!Fc1ccc(F)c2c1CCNC2c1ccc(F)cn1~~n1~nnc1~~~~~~~~~~~~~~~~~
735,!CCOC(=O)N1CCN(C(=O)c2cc(Br)c[nH]2)CC1~~~~~~~~~~~~~~~~~~~~~~
736,!COc1ccc(CN2C(=O)C(O)(c3ccccc3)c3ccccc32)cc1~~~~~~~~~~~~
737,!CC(C)(C)C(=O)N1CCN(c2cccc(N)c2)CC1~C(N)=O~~~~~~~~~~~~~~
738,!Cc1nn(C)c2nc(NCc3noc(C4CCCO4)n3)sc12~C~~~~~~~~~~~~~~~~~
739,!COc1ccnc(N2CCCC(c3cc(=O)[nH]c(C)n3)C2)n1~~~#N~~~~~~~~~~~~~
740,!Nc1nn(-c2ccccc2)cc1C(=O)Nc1ncccn1~~cc[nH]1~~~~~~~~~~~~~~~~
741,!Cn1nc(-c2ccc(Cl)cc2)c(CCC#N)c1N~(=O)C1CC1~~~~~~~~~~~~~~~
742,!CCOc1cc(C(=O)Nc2ccc3ccn(CC)c3c2)ccn1~~~~~~~~~~~~~~~~~~~
743,!Cn1c(SCC(=O)Nc2ccc(F)cc2)nnc1-c1cccnc1~~~~~~~~~~~~~~~~~
744,!Cc1csc(N2CCN(Cc3cnc(C)cn3)CC2)n1~~~~~~~~~~~~~~~~~~~~~~~
745,!CCC(CC)CNC(=O)Nc1nnc(C(F)(F)F)s1~~~~~~1~~~~~~~o1~~~~~~~
746,!COc1ccc(CNC(=O)CSc2nc3ccccc3o2)cc1~~~~~~~~~~~~~~~~~~~~~
747,!COc1ccc(NC(=O)N(C2CC2)C(C)C2CC2)cc1OC~~~~~~~~~~~~~~~~~#
748,!Cc1ccc(NC(=O)C2CCCN(C(=O)C3CC3)C2)cc1Cl~~~~~~~~~~~~~~~~~
749,!CCCC(=O)Nc1cnc(N2CCOCC2)nc1~1CC1~~~~~~~~~~~~~~~~N~~~~~~
750,!CC(C)(C)NS(=O)(=O)c1cccc(NS(=O)(=O)C(C)(C)C)c1~~~~~~~~~
751,!Cn1cc(NC(=O)NCc2cnn(Cc3ccccc3)c2)cn1~~~~~~~~~~~~~~~~~~~
752,!CC(=O)c1ccc(NC(=O)c2cccn3cncc23)cc1C~(C)C~~~~~~~~~~~~~~
753,!Cc1nc(Cn2c(=O)c3c(C)n[nH]c3n(C)c2=O)n(C(C)(C)C)n1~~~~~~~~C
754,!Cc1cnn(C2CCN(C(=O)Nc3cccc(C)c3)CC2)c1~~~~~~~~~~~~~~~~~~
755,!CN1CCN(C(=O)CC2CSc3nc4c(c(=O)n32)CCCC4)CC1~~~~~~~~~~~~~
756,!Cc1nc2cc(C(=O)C(C#N)c3nc(=O)c4ccccc4n3C)ccc2[nH]1~~~~~~1~~
757,!Cc1ccc(C(=O)Nc2nc(C)c(C(=O)OCC(N)=O)s2)cc1C~~~~~~~~~~~~
758,!Nc1ccc(NC(=O)Cc2cccc(Cl)c2)nc1~~n1cccn1~~~~~~~~~~~~~~~~~
759,!Cc1nc(NC(=O)c2cc3cc(Br)ccc3[nH]2)sc1C~~~~~~~~~~~~~~~~~~~~~~
760,!COc1ccc(-c2n[nH]c(-c3ccncc3)n2)cc1N~(C)=O~~~~~~~~~~~~~~~~~
761,!COCCN1CCOCC12CCN(C(=O)c1cccc(C)n1)CC2~~~~~~~~~~~~~~~~~~
762,!Cc1cccnc1CNC(=O)c1cccc(-c2ccoc2)c1~~c[nH]1~~~~~~~~~~~~~~~~
763,!CC(C)(C)c1nnc(CNc2cccc(F)c2F)o1~~n1~~cncn1~~~~~~~~~~~~~
764,!Cn1c(CNc2ccccc2-n2cccn2)nnc1C1CC1~~~~~~~~~~~1~~~~~~~~~~
765,!C#CCN1CCC(C(=O)Nc2ccc3c(c2)COC3)CC1~~cc~~~~~~~~~~~~~~~~
766,!COc1ccc(-c2c(C#N)nnn2Cc2ccc(F)cc2)cc1~~~~~~~~~~~~~~~~~~
767,!CCCNC(=O)c1csc(Nc2ccc(OC)cc2)n1~~~~~~~~~~~~~~~~~~~~~~~~
768,!Cn1ccc(-c2nnc(NC(=O)Cc3ccc4c(c3)OCO4)o2)n1~~~~~~~~~~)~~
769,!COC(C(=O)NCC1=NC(=O)N(C)CC1)c1ccccc1~~~~~~~~C~~~~~~~~~~
770,!Cc1cccc(OS(=O)(=O)c2ccc(CO)cc2)c1C~ccc1~~~~~~~~~~~~~~~~
771,!CC(CO)CNC(=O)NCc1ccc(F)c(Cl)c1~~~~~~[nH]1~~~~~~~~~~~~~~~~~~
772,!CC(C)Cc1ccc(C(=O)NCCNC(=O)c2ccco2)cc1~~~~~~~~~~~~~~~~~~
773,!COC(=O)c1c(C)cccc1S(=O)(=O)N1CCCCC1~~~~~~~~~~~~~~~~~~~~
774,!Cc1csc(NC(=O)c2cn(C)c3ccccc23)n1~~~~C2~C2~~~~-2~~~~~~~~
775,!CCn1cc(S(=O)(=O)N2CCCC2C(=O)NC)nc1C~OC~~~~~~~~~~~~~~~~~
776,!Cc1ccc(CC(=O)Nc2ccc(C(=O)N(C)C)c(C)c2)s1~~~~~~~~~~~~~~~
777,!CC(=O)NCC1CCCN(C(=O)NCc2cnc(C)s2)C1~O~~~~~~~~~~~~~~~~~~
778,!Cc1ccc(OCc2cccc(S(=O)(=O)N3CCOCC3)c2)cn1~~~~~~~~~~~~~~~
779,!O=C(Nc1cccnc1)c1ccc2c(c1)NC(=O)C1CCCN21~~~~~~~~~~~~~~~~
780,!CN(C)C(=O)CNC(=O)c1c2c(nn1C)CCCC2~~CC#N~o1~~~~~~~~~~~~~
781,!Cc1nc2c(nnn2Cc2ccccc2)c(=O)n1-c1ccc(F)cc1~~~~~~~~~~~~~~
782,!CCOc1ccccc1CCC(=O)N1c2ccccc2CC1C(N)=O~~~~~~~~~~~~~~~~~~
783,!COc1cccc2c1N(C(=O)c1ccc(C)c(OC)c1)CCC2~C~~~~~~~~~~~~~~~
784,!CCCc1nc(CS(=O)(=O)c2ccc3ccccc3c2)no1~~~~~~~~~~~~~~~~~~~
785,!N#Cc1ccccc1Cc1c(C#N)ncnc1C(F)(F)F~(F)F~~~~~~~~~~~~~~)~~
786,!CC(NC(=O)Nc1nnc(Cc2ccccc2)s1)c1ccncc1~~~~~~~~~~~~~~~~~~
787,!Nc1c(C(=O)NC2CCCCCC2)nnn1-c1ccccc1Cl~~~~~~~~~~~~~~~~~~~~
788,!COC(=O)Cn1ncc2c(N3CCc4ccccc4C3)ncnc21~~~~~~~~~~~~~~~~~~
789,!CCCNC(=O)CNC(=O)NC(C)c1ccc(OC)c(F)c1~~~~~~~~~~~~~~~~1~~
790,!CC1(C)Cc2nc3oc4c(NCCCCO)ncnc4c3cc2CO1~~~~~~~1~~~~~~~~~~
791,!O=C(NCC(O)COc1ccc(F)cc1)NCc1cccc(Cl)c1~~~~~~~~~~~~~~~~~~
792,!COc1ccc(OCC(=O)N(C)Cc2ccc(C)o2)cc1~~cco1~~~~~~~~~~~~~~~
793,!COc1cc(CNS(C)(=O)=O)ccc1OC(C)C~(C)(C)C~~~~~~~~~~~~~~~~~
794,!COc1cccc(C2CC2C(=O)N2CCC(=O)Nc3ccccc32)c1~~~~~~~~~~~~~~
795,!c1ccc2c(c1)CCC21CN(Cc2cnc3ccsc3c2)CCO1~~~~~~~~~~~~~~1~~
796,!Cc1cc(C)cc(OCCN(C)S(=O)(=O)c2cnn(C)c2)c1~~~~~~~~~~~~~~~
797,!COCCN(Cc1ccc(C#N)cc1)C(=O)C1CC1c1ccccc1~~~~~~~~~~~~~~~~
798,!Cc1ccc(S(=O)(=O)NCc2nnnn2C(C)C)cc1C~(N)=O~~~~~~~~~~~~~~
799,!Cn1cnnc1-c1ccccc1NC(=O)COc1ccc(Cl)cc1~~~~~~~~~~~~~~~~~~~
800,!CCC(C)C(NC(=O)Nc1cnn(-c2ccccn2)c1)C(N)=O~~~~~~~~~~~~~~~
801,!CCOC(=O)c1cnn(-c2nc3ccccc3o2)c1N~~C~~~~~~~~~~~~~~~~~~~~
802,!CN(C)C(=O)c1cccc(OC(=O)CCc2c[nH]c3ccccc23)c1~~~~~~~~~~~1~~
803,!COc1ccc(C(=O)OCC(=O)Nc2cc(Cl)ccc2C)cc1N~~~~~~~~~~~~~~~~~
804,!C=CCSc1nc2sc(C)c(C)c2c(=O)n1C~OC~~~~~~~~~~~~~~~~~~~~~~~
805,!COc1ccc(NC(=O)CSc2nncn2N)cc1~Cl~N~~~~~~~~~~~~~~~~~~~~~~~
806,!COc1ccc(F)c(NC(=O)NC(C)c2ccc(C#N)cc2)c1~~~~~~~~~~~~~~~~
807,!CN(C)C(=O)CCNC(=O)NCC1CCOC1~~(C)(C)C~~~~~~~~~~~~~~~~1~~
808,!COc1ccc(NC(=O)c2ccoc2)cc1OC1CCCC1~~~~~~~~~~~~~~~~~~~~~~
809,!CCOc1ccccc1NC(=O)c1ccc(NCC(=O)NC)cc1~~~~~~~~~~~~~~~~~~~
810,!Cc1ccc(OCC(=O)N(C)Cc2noc(C)n2)cc1~~~CBr~~~~~~~~~~~~~~~~~
811,!CCc1nc(NCc2ccccc2OC)cc(OC)n1~~~~~~~~~~~~~~~~~~~~~~~~~~~
812,!CC(=O)c1ccc(Nc2ccc(C)c(N)c2)c(F)c1~~[nH]c1=O~~~~~~~~~~~~~~
813,!CC(C)(C)c1nc(COc2ccccc2C#N)no1~~~N~CO~~~~~~~~~~~~~~~~~~
814,!Cc1ccc(CCNC(=O)N2CCCC2c2cc(C)no2)cn1~~~~~~~~~~~~~~~~~~~
815,!Cc1csc(CNC(C)c2cccc(F)c2)n1~~~~cnc1~~~~~~~~~~~~~~~~~~~~
816,!CCN(CC)C(=O)NCc1ccc(CN2CC(C)OC(C)C2)cc1~~~~~~~~~~~~~~~~
817,!CNC(=O)COC(=O)CCc1nc2ccccc2c(=O)[nH]1~~~~~~~~~~~)o1~~~~)~~
818,!CN(C1CCCCC1)S(=O)(=O)Nc1ccccc1N~(N)=O~~~~~~~~~~~~~~~~~~
819,!O=C(CCCN1C(=O)COc2ccccc21)Nc1ccccn1~~~~~~~~~~~~~~~~~~~~
820,!CC(NC(=O)CN1C(=O)COc2ccc(Cl)cc21)C1CC1~~~~~~~~~~~~~~~~~~
821,!Cc1ccc(C(=O)NCc2ccc(F)cc2)c(O)c1~~~~ncn1~~~~~~~~~~~~~~~
822,!Cc1n[nH]cc1CNc1nc2ccccc2n1C1CC1~~cccc1~~~~~~~~~~~~~~~~~~~~
823,!CC(=O)Nc1cc(C(=O)NCc2ccccc2Cl)ccc1C~)c1~~~~~~~~~~~~~~~~~
824,!CC(CC#N)N(C)Cc1cccc(OCc2cccc(F)c2)c1~~~~-)~~~~~~~~~~~~~
825,!CCN1C(=O)C(C)(C)c2cc(S(=O)(=O)N3CCCCC3)ccc21~~~~~~~~~~~
826,!COCCN1CC(C(=O)N(C)C2(C(=O)OC)CCCCC2)CC1=O~~~~~~~~~~~~~~
827,!COc1cc2c(=O)[nH]c(Cc3ccc4c(c3)OCO4)nc2cc1OC~~~~~~~~~~~~~~~
828,!Nc1ccccc1C(=O)OCC(=O)NC12CC3CC(CC(C3)C1)C2~~~~~~~~~~)~~
829,!CCN(C(=O)c1cccc(Cn2cccn2)c1)c1c(C)noc1C~~~~~~~~~~~~~~~~
830,!O=C(Nc1ccc(CS(=O)(=O)c2nccs2)cc1)N1CCCC1~~~~~~~~~~~~~~~
831,!CC(C#N)CN(C)C(=O)CCc1cccc(Br)c1~~~~~~~~~~~~~~~~~~~~~~~~~
832,!Fc1ccc(NCc2cn3cc(Cl)ccc3n2)cc1~(F)(F)F~~~~~~~~~~~~~~~~~~
833,!Cc1nc(-c2ccncc2)ncc1C(C)NC(=O)Cn1cccn1~~~~~~~~~~~~~~~~~
834,!COC(=O)c1cc(NCc2nc(C)cs2)ccc1F~~cn[nH]1~~~~~~~~~~~~~~~~~~~
835,!CCOc1cc(C)sc1C(=O)NCC1COc2cc(OC)ccc21~~~~~~~~~~~~~~~~~~
836,!Cc1nn(-c2nc3ccccc3[nH]2)c(C)c1C(C)C#N~(C)C~#N~~~~~~~~~~~~~
837,!CC(=O)Nc1cccc(NC(=O)C2CC(=O)N(CC(F)(F)F)C2)c1~~~~~~~)~~
838,!CCC(CC)NC(=O)N1CCC(N(C)c2cccnn2)CC1~~~~~~~~~~~~~~~~~~~~
839,!Cc1noc(C)c1CC(=O)NC1CCCN(c2ccccc2F)C1=O~~~~~~~~~~~~~1~~
840,!CCOc1cc(C(=O)N2CCC(O)(C(F)(F)F)CC2)ccn1~~~~~~~~~~~~~~~~
841,!C#CCN1CCN(CCOc2ccccc2Br)CC1~~~~~~~~~~~~~~~~~~~~~~~~~~~~~
842,!Cc1noc(C)c1CN(C)C(=O)c1ccc(F)cc1O~~~cco1~~~~~~~~~~~~~~~
843,!COCCn1c(C)cc(C(=O)CSc2nnc(C)s2)c1C~~~~~~~~~~~~~~~~~~~~~
844,!Cc1ccc(C(=O)CNC(=O)c2ccccc2)c(C)c1~~~~~~~~~o1~~~~~~~~~~
845,!O=C(Cc1csc(-c2nc[nH]n2)n1)NCCc1cccc(F)c1~~~~~~~~~~~~~~~~~~
846,!O=C(NCc1cn2cc(Br)ccc2n1)c1cccs1~~~~~~~~~~~~~~~~~~~~~~~~~
847,!Cc1ccc(-c2nn3c(CCO)nnc3s2)c(O)c1~~~~~~~~~~~~~~~~~~~~~~~
848,!CC(C)N(CCO)S(=O)(=O)c1ccccc1F~(F)(F)F~~~~~~~~~~~~~~~~~~
849,!CSc1ncc2c(=O)n(CC(=O)NC(C)C3CC3)cnc2n1~~~~~~~~~~~~~~~~~
850,!COc1cccc(CN(C)C(=O)CCN2CCOC2=O)c1~~co1~~~~~~~~~~~~~~~~~
851,!Cc1cc(F)ccc1NC(=O)c1cn2c3c(cccc3c1=O)CC2C~~~~~~~~~~~~~~
852,!COc1ccc(CC(=O)NCCC(O)c2cccs2)cc1~~~~~~~~~~~~~~~~~~~~~~~
853,!COc1cccc(CC(=O)N2CCN(C(=O)c3ccoc3)CC2)c1~~~~~~~~~~~~~~~
854,!Cc1c(C(=O)NC2CCCc3ccccc32)nnn1-c1ccccc1~~~~~~~~~~~~~~~~
855,!CC(C)n1cc(NCc2ccc(Oc3cnccn3)cc2)cn1~~~~~~~~~~~~~~~~~~~~
856,!CCOC(=O)CC(C)CNC(=O)NC1C=CCCC1~~~#N~~~~~~~~~~~~~~~~~~~~
857,!C=CCn1c(=O)n(C)c(=O)c2cc(Br)ccc21~~~~~~~~~o1~~~~~~~~~~~~
858,!Cc1ccsc1C(=O)OC(C)c1ccc2c(c1)OCCO2~~~~~~~~-2~~~~~~~~~~~
859,!COc1ccc2c(c1)N(C(=O)Cn1c(C)c(C)sc1=O)CC2~~~~~~~~~~~~~~~
860,!CCCCC1C(=O)N(C)CCN1C(=O)c1cccc(-c2noc(C)n2)c1~~~~~~~~~~
861,!NC(=O)c1ccn(-c2ccccc2NCc2cccc3cccnc23)n1~~~~~~~~~~~~~~~
862,!O=C(c1ccc2[nH]cnc2c1)N1CCCC1c1ccc2c(c1)OCCO2~~~~~~~~~~~~~~
863,!N#CC1CCCN(C(=O)CCC(=O)c2ccc(F)c(F)c2)C1~O~~~~~~~~~~~~~~
864,!COC(=O)c1cnc(NC(=O)c2ccc(-c3ccccc3)o2)s1~~~~~~~~~~~~1~~
865,!OCCCN1CC2(CCC1=O)CCN(C(=O)N1CCCC1)CC2~~~~~~~~~~~~~~~~~~
866,!O=c1[nH]cnc2c1CCN(Cc1cncs1)C2~~c1ccncc1~~~~~~~~~~~~~~~~~~~
867,!N#CCC(NCC1Cc2ccccc2O1)C(=O)N1CCCC1~1ccc[nH]1~~~~~~~~o~~~~~
868,!CC(C)C(=O)Nc1nnc(S(=O)(=O)N(C)c2ccccc2)s1~~~~~~~~~~~1~~
869,!COCCCn1ccc(Nc2ccnc(C(F)(F)F)n2)n1~~~~~~~~~~~~)~~~~~~~~~
870,!Cn1nnnc1SCCC(=O)Nc1ncc(Cl)cc1Cl~1~C~[nH]1~~~~~~~~~~~~~~~~~~~
871,!O=C(NCC1(c2ccc3c(c2)OCO3)CCOCC1)c1cccnc1~~~~~~~~~~~~~~~
872,!O=C(c1nc(-c2cnccn2)no1)N1CCc2cc(F)ccc2C1~~~~~~~~~~~~1~~
873,!CC(C)S(=O)(=O)N1CCC(C(=O)NCc2ccccc2F)CC1~~~~~~~~~~~~~~~
874,!CCOC(=O)c1ccc(NC(=O)C2CC=CCC2)c(O)c1~~~~~~~~~~~~~~~~~~~
875,!Cc1ccc(-n2cc(C)c(-c3nc(-c4ccncc4)no3)n2)cc1~~~~~~~~~~~~
876,!COc1cc2c(OC)cc(C(=O)NCCCO)cc2c(OC)c1OC~~~~~~~~~~~~~~~~~
877,!OC1COc2cc(C(F)(F)F)cc(Cl)c2C1~O~CO~~~~~~~~~~~~~~[nH]1~~~~~~
878,!CCOc1ccc2cc(C(=O)Nc3nc[nH]n3)[nH]c2c1~~ccc1~~~~~~~~~~~~~~~~~~
879,!CNC(=O)C(CC(C)C)NC(=O)Cc1ccc2ccccc2c1~~~~~~~~~~~~~~~1~~
880,!O=C(CNC(=O)c1cccc2ccoc12)NCc1ccc(F)cc1~~~~~~~~~~~~~~~~~
881,!O=C(NCCOc1cccc2c1OC(C(F)(F)F)C2)c1ccon1~~~~~~~~~~~~~~~~
882,!Cc1cc(C(=O)NCCCOC(C)C)c2ccccc2n1~~~~~~~~~~~~~~~~~~~~~~~
883,!O=C(Cn1ncn2nc(-c3ccco3)cc2c1=O)N1CCCC1~O~~~~~~~~~~~~~~~
884,!Cc1cc(CCNC(=O)Cn2ccc3ccccc3c2=O)on1~~~~~~~~~~~~~~~~~~~~
885,!CCCN(CCC)S(=O)(=O)c1ccc2c(c1)OCCCO2~~~~~~~~~~~~~~~~~~~~
886,!COc1cc(C(C)(O)C(F)(F)F)c(OC)cc1SC~~)=O~~~~~~~~~~~~~~~~~
887,!CC(C)c1ccc(-c2nnc(SCC(=O)N3CCOCC3)o2)cc1~~~~~~~~~~~~~~~
888,!CC(=O)c1c(C)[nH]c(C(=O)Nc2cccc(Cl)c2-n2cncn2)c1C~~~~~~~~~~~
889,!Cc1cnc(SCC(=O)c2ccc(O)cc2O)nc1~~NC1CC1~~Br~~~~~~~~~~~~~~
890,!CSc1nnc(N)n1CC(=O)Nc1ccccc1C~(C)C~~~~~~~~~~~~~~~~~~~~~~
891,!O=C(NCC1(O)CCc2ccccc21)c1ccccc1Cl~n1cccn1~~~~~~~~~~~~~~~
892,!COc1cccc(CN(C)C(=O)CNc2cc(C)ccc2F)c1~~~~~~~~~~~~~~~~~~~
893,!CCC(=O)NCC(=O)Nc1cnn(CC(=O)NC2CCCCC2)c1~~~~~~~~~~~~~~~~
894,!COCc1ccc(C(=O)OCC2CCCCO2)o1~~~~cccc1~~~~~~~~~~~~~~~~~~~
895,!N#Cc1nnn(-c2ccc(O)cc2)c1-c1ccc(Cl)c(Cl)c1~~~~~~~1~~~~~~~~
896,!O=C(CS(=O)(=O)c1ccccc1Cl)NC1CCCCC1~O~~~~~~~1~~~~~~~~~~~~
897,!CN(Cc1ccncn1)C(=O)C1CC(=O)N(Cc2ccncc2)C1~~~~~~~~~~~~~~~
898,!Cc1ccc(NC(=O)c2cc[nH]c2C)cc1C(F)(F)F~c1cn[nH]c1~~~~~~~~~~~~~~
899,!Cc1ccc(Oc2ccc(NC(=O)c3cn4cccnc4n3)cc2)cc1~~~~~~~~~~~~~~
900,!COCc1cc(C(=O)NCC2(c3ccc(F)cc3F)CC2)ccc1F~~~~~~~~~~~~~~~
901,!CS(=O)(=O)N1CCC(NC(=O)C2CCCC2)CC1~1ccccc1~~~~~~~~~~~~~~
902,!Cc1cc2c(cc1NC(=O)c1cc3ccccc3o1)n(C)c(=O)n2C~~~~~~~~~~~~
903,!O=C(CO)N1CCN(C(=O)Cc2ccc(-c3ccccc3)cc2)CC1~~~~~~~~~~~~~
904,!CC(C)c1ccc(C(=O)NCCc2n[nH]c(-c3ccccn3)n2)cc1~~~~~~~~~~~~~~
905,!COc1ccccc1C(=O)Nc1cnn(CC2CC2)c1~ccnc1~~~~~~~~~~~~~~~~~~
906,!O=C(Nc1ccc(Oc2cccnc2)nc1)c1ccc[nH]1~=O~~~~~~~~~~~~~~~~~~~~
907,!Cc1ccc(CCNC(=O)C2CCC(=O)NC2)c(C)c1~~~~)c1~~~~~~~~~~~~~~
908,!Cc1cc(=O)c(C(=O)N(C)C2CCCN(c3cccnn3)C2)c[nH]1~~~~~~~~~~~~~
909,!O=S(=O)(c1ccc2c(c1)CCO2)N(Cc1ccco1)C1CC1~~~~~1~~~~~~~~~
910,!COc1ccc(Cl)cc1CN(C)S(=O)(=O)N1CCCCC1~~~~~~~~~~~~~~~~~~~~
911,!COc1ccccc1CNC(=O)Cn1cccc(C)c1=O~ccco1~~~~~~~~~~~~~~~~~~
912,!Cc1sc(=O)n(CC(=O)N2CCCC2)c1-c1ccccc1~~~~~~~~~~~~~~~~~~~
913,!Cc1cccc(NC(=O)c2cncc(N)c2C)c1C~(N)=O~O~~~~~~~~~~~~~~~~~
914,!CNS(=O)(=O)c1ccc(C(=O)N(C)Cc2ccc(C)s2)cc1~~~~~~~~~~~1~~
915,!CCC(=O)N1CCN(Cc2c(OC)ccc3ccccc23)CC1~~~~~~~~1~~~~~~~~~~
916,!CCC(C)C(=O)N(C)S(=O)(=O)Cc1ccccc1~~~~~)n1~~~~~~~~~~~~~~
917,!CCC1CN(C(C)=O)CCC1NC(C)C(=O)Nc1ccc(F)cc1~~~~~~~~~1~~1~~
918,!COc1ccc(OC(=O)c2cnn(C)c2-n2cccc2)cc1~~cco1~~~~~~~~~~~~~
919,!COc1cc(F)ccc1NCC(=O)Nc1c(C)nn(C(C)C)c1C~~~1~~~~~~~~~~~)
920,!CCc1noc(C)c1C(=O)Nc1ccccc1-c1nc(C(C)C)n[nH]1~~~~~~~~~~~~~~
921,!CCCCN(C)C(=O)Cn1cc(C#N)c2ccccc21~=O~~~~~~~~~~~~~~~~~~~~
922,!CC(NC(N)=O)C(=O)NC1(C)Cc2ccccc2C1~~F~1=O~~~~~~~~~~~~~~~
923,!CCOC(=O)c1[nH]c(C)c(C(=O)Nc2ccc(N(C)C)nc2)c1C~~~~~~~~~~~~~
924,!CCN(CC(C)C(=O)OC)C(=O)c1cccc(N2CCCNC2=O)c1~~~~~~~~~~)~~
925,!CCCN(CCO)S(=O)(=O)c1ccc(F)c(C)c1~~~nno1~~~~~~~~~~~~~~~~
926,!COc1ccc(CC(=O)NCc2cc(-c3ccncc3)n(C)n2)cc1~~~~~~~~~~~~~~
927,!Cc1csc(NC(=O)N2CCc3cc(F)ccc3C2)n1~~ccc1~~~~~~~~~~~~~~~~
928,!Cc1csc(NC(=O)CCc2nc(-c3ccsc3)no2)n1~~~~~~~~~~~~~~~~~~~~
929,!CCC(=O)Nc1cccc(C(=O)Nc2ccc(OC)cc2OC)c1~~~~~)~~~~~~~~~~~
930,!O=C(CCSc1nc2ccccc2s1)NC1CC1~~cco1~~~~~~~~~~~~~~~~~~~~~~
931,!NC(=O)Nc1ccc(CNC(=O)c2ccc(C(F)(F)F)cc2)cc1~~~~~~~~~~~~~
932,!CN(CC(=O)NC(C)(C)C)C(=O)c1ccc(N)cc1~~cccc1~~~~~~~1~~~~~
933,!O=C(NCCn1cccn1)NCc1ccc(-n2cncn2)cc1~~~~~~~~~1~~~~~~~~~~
934,!COc1ccc(C(=O)NCC#Cc2ccc(OC)cc2)cc1~~cco1~~~~~~~~~~~~~~~
935,!CC(C)N1CCC(NC(=O)c2ccc(Cn3ccnc3)cc2)C1=O~~~~~~~~~~~~~~~
936,!COc1ccc(O)c(C(=O)N2CCC(O)(Cn3cccn3)CC2)c1~~~~~~~)~~~~~~
937,!O=C(NCc1ccoc1)c1cccc(Cl)c1Cl~~~~c1-2~[nH]1~~~~o1~~~~~~~~~~~~
938,!CCc1ccc(CNC(=O)c2cc(S(N)(=O)=O)c(C)o2)s1~~~~~~~~~~~~~~~
939,!COc1ccc(Br)c(CNS(=O)(=O)C(C)C)c1~~~~~~~~~~~~~~~~~~~~~~~~
940,!OCCOc1ccc(-c2ccc3c(c2)OCCO3)cc1~~~nnn1~~~~~~~~~~~~~~~~~
941,!CCCc1nc2onc(-c3ccc(Cl)cc3)c2c(=O)[nH]1~~O~~~~~~~~~~~~~~~)~~
942,!CCC(=O)NCc1ccc2c(c1)CCN2C(=O)c1ccc(F)cc1~~~~~~~~~~~~1~~
943,!Cc1ccc(OCC(=O)Nc2ccccc2N)cc1C~~C~~1~[nH]nc1~~~~~~~~~~~~~~~
944,!O=C(Cn1c(SC(F)F)nc2ccccc21)NCc1ccco1~~~~~~~~~~~~~~~~~~~
945,!CN(C(=O)c1ccc(-n2ccnn2)cc1)c1ccccc1~(F)F~~~~~~~~~~~~~~~
946,!C=CCCC(=O)N1CCCC(C(=O)NC2CC2C)C1~~cccc1~~~~~~~~~~~~~~~~
947,!Cc1cc2occ(CC(=O)Nc3nccn(C)c3=O)c2cc1C(C)C~~~~~~~~~~~~~~
948,!Cc1ccc(C(CNC(=O)c2cccs2)N2CCOCC2)o1~~~~~~~~~~~~~~~~~~~~
949,!CC1(C)COCCN1C(=O)CCCc1nc(-c2ccccc2)no1~~~~~~~~~~~~~~~~~
950,!CC(C)c1nnc(NC(=O)c2c[nH]c3cc(F)cc(F)c3c2=O)s1~~~~~~~~~~1~~
951,!CC(C)Oc1ccc(C(=O)NCc2ccc(NC(N)=O)cc2)cc1~~~~~~~~~~~~~~~
952,!COc1ccc(C(=O)Nc2ccccc2)cc1S(=O)(=O)N(C)C~~~~~~~~~~~~~~~
953,!CC(C)COc1ccc(NC(=O)NC(C)C)cc1~~c1nccn1C~~~~~~~~~~~~~~~~
954,!COc1ccc(-c2csc3ncc(N)n23)cc1OC~C(N)=O~~~~~~~~~~~~~~~~~~
955,!CC(C(=O)NCCc1ccc(Cl)cc1)N1CCn2c(nn(C)c2=O)C1~~~~~~~~~)~~
956,!CC(C)COC(=O)c1cccc(NC(=O)c2cccnc2)c1~~c~~~~~~~~~~~~~~~~
957,!Cn1cnc(CNS(=O)(=O)c2ccccc2OC(F)(F)F)n1~~~~~~~~~~~~~~~~~
958,!COc1ccccc1CNS(=O)(=O)c1c[nH]nc1N~(C)=O~~~~~~~~~~~~~~~~~~~~
959,!O=C(NCCNC(=O)c1ccccc1F)c1cc2cnsc2s1~~~~~~~~~~~~~~~~~~~~
960,!COc1ccc(C(=O)N(C)Cc2cccs2)cc1F~c1ccco1~~~~~~~~~~~~~~~~~
961,!C=CCN(C(=O)c1nn(C)c2ccc(Cl)cc2c1=O)C(C)C~~~~~)~~~~~~~~~~
962,!CC(=O)c1cccc(NS(=O)(=O)c2c(C)noc2C)c1~~)c1~~~~~~~~~~~~~
963,!CC(=O)Nc1nc2ccc(NC(=O)CC3C=CCC3)cc2s1~~~~~~~~~~~~~~~~~~
964,!COc1ccc(NS(=O)(=O)c2ccc3c(c2)CCC(=O)N3C)cc1~~~~~~~~~~~~
965,!Cc1cccc(C)c1OCC(=O)Nc1ccccc1C#N~n1cccn1~~~~~~~~~~~~~~~~
966,!C=CCn1nnc(NC(=O)c2ccc(OCC)c(OCC)c2)n1~~~~~~~~~~~~~~~~~~
967,!COc1ccccc1-n1cnnc1SCC#N~O~cccc1~~~~~~~~~~~~~~~~~~~~~~~~
968,!Nc1nc2c(c(=O)[nH]1)N1C(=O)c3ccccc3C21O~1~C=CC1~~~~~~~~~~~~
969,!CCN1C(=O)c2ccccc2NC1c1ccc(C)cc1~~~~~~~~1~~~~~~~~~~~~~~~
970,!CC(CC(=O)N1CCC(CC(N)=O)CC1)CC(C)(C)C~~CO~~~~~~~~~~~~~~~
971,!CN(Cc1cnn(-c2ccccc2)n1)S(=O)(=O)Cc1ccon1~~~~~~~~~~~~~~~
972,!CC(=O)Nc1ccc(SCc2cc(C)on2)cc1~~~cccc1~~~~~~~~)o1~~~~~~~
973,!COCCNC(=O)CNc1cccc(NC(=O)C(C)C)c1~~)c1~~~~o~~~~~~~~~~~~
974,!Cc1nc(CCC(C)NC(=O)NCc2ccccc2Cl)sc1C~~~~~~~~~~~~~~~~~~~~~
975,!COCCCOCC(=O)Nc1ccc(C)c(N)c1~~~~)c1~~~~~~~~~o1~~[nH]1~~~~~~
976,!Cc1nc(N(C)Cc2nc(-c3cccnc3)no2)c2cnn(C)c2n1~~~~~~~~~~1~~
977,!CCn1cc(NCc2c(F)cccc2Cl)cn1~~~~COC~~~~~[nH]1~~~~~~~~~~~~~~~~
978,!Cc1cccc2nc(CNC(=O)c3cccnc3SC(F)F)n(C)c12~~~~~~~~~~~~)~~
979,!Cc1ccc(C)c(SCc2c(CO)nnn2CCCO)c1~~~~~~~~~~~~~~~~~~~~~~~~
980,!O=C(NCCc1cccs1)c1cncc2cnccc12~1CC1~~~~~~~~~~~~~~~~~~~~~
981,!CCOC(=O)C(O)(c1ccccc1)C(F)(F)Br~1cn[nH]n1~~~~~~~1~~~~~~~~~~
982,!NC(=O)C1CCN(C(=O)c2cnn(-c3ccccc3F)c2)CC1~~~~~~~~~~~~~~~
983,!Cc1ncc(CN2CCc3nc(C)n(C)c(=O)c3CC2)s1~~~~~~~~~~~~~~~~~~~
984,!CS(=O)(=O)N1CC2CC2C(C(=O)NC2CCC2)C1~n1cncn1~~~~~~~~~~~~
985,!COc1ccc(CNC(=O)c2ccc(=O)n(C)c2)c(C(F)(F)F)c1~~~~~~~~)~~
986,!Cc1ccc2c(c1)OCC(=O)N2Cc1nc(-c2cccc(C)c2)no1~~~~~~~~~~~~
987,!Cc1ccccc1Oc1ncccc1CNc1ncnc2[nH]cnc12~~~~~~~~~~~~~~~~~~~~~~
988,!Cc1c(CN(C)Cc2nc(-c3ccncc3)no2)cnn1C~#N~C1CC1~~~~~~~~~~~
989,!Cc1cnc(C(=O)N(C)CC(O)C2CC2)c2cccc(N)c12~2~~~~~~~~~~~~~N
990,!Cc1ccc(CN(C)C(=O)Cn2cnc3c2c(=O)n(C)c(=O)n3C)o1~~~~~~~~~
991,!CCC(CO)Nc1nc(C)nc2scc(-c3ccc(C)cc3)c12~~[nH]1~~~~~~~~~~~~~
992,!CC(CO)NC(=O)Nc1ccc(NCCc2ccccc2)cc1~~~~~~~~~~~~~~~o~~~~~
993,!CC(C)NC(=O)N1CCC(NC(=O)c2cc3cccnn3n2)CC1~~~~~~~~~~~~~~~
994,!O=C(c1cscn1)N1CC2COCC2(COCc2ccncc2)C1~~~~~~~~~~~~~~~~~~
995,!NS(=O)(=O)c1ccc(-c2ccc(-c3ccn[nH]3)cc2)cc1~#N~~~~~~~~~~~~~
996,!Fc1ccc(-n2ncc3c(N4CCCCC4)ncnc32)cc1F~~~~~~~~~~~~~~~~~~~
997,!Cc1cc(C)c(NC(=O)c2c(F)cccc2F)c(C)c1~(=O)N(C)C~~~~~~~~~~
998,!CC(C)(C)CCNC(=O)c1cc(-c2cccnc2)on1~~=O~~~~~~~~~~~~~~~~~
999,!Cc1csc(CNC(C)(C)c2nc(C)c(C)s2)n1~~~~~~~~~~~~~~~~~~~~~~~
1000,!Cc1cc(N)ccc1NC(=O)C(C)Oc1ccc(Cl)cc1~~~~~~o1~~~~~1~~~~~~~
1001,!Cc1cnn(CCC(=O)Nc2ccc(S(=O)(=O)C(F)F)cc2)c1~~~~~~~~~~~~~
1002,!CN(C(=O)c1cccs1)C1CCN(c2ccc(F)cc2)CC1~~~1~~~~~~~~~~~~~~
1003,!Cn1ccsc1=NC(=O)c1cn(C)nc1-c1cccs1~~~~~~~~~~~~~~~~~~~~~~
1004,!COc1ccc(C)cc1NC(=O)c1cnc2n(c1=O)CCS2~~~~~~~~~~~~~~~~~~~
1005,!COCC(O)CN(C)C(=O)c1n[nH]c(C(C)C)c1N~~cccc1~~~~~~~~~~~~~~~~
1006,!CN(C)c1ccc(NC(=O)CCNS(C)(=O)=O)nc1~F~N~~~~~~~~~~~~~~~~~
1007,!CC(C)c1cccc2cc3c(N)nn(CCO)c3nc12~~CCC1~~~~~~~~~~~~~~~~~
1008,!CCCC(=O)N1CCCC1C(=O)c1ccc(OC)cc1~~~~~~~~~~o1~~~~~~~~~~~
1009,!O=C(c1ccccc1-n1cccn1)N1CCCC1c1ccc[nH]1~~~~~~~~~~~~~~~~~~~~
1010,!CCN(C(=O)c1scnc1C)c1cccnc1~c1ccccc1~~~~~~~~~~~~~~~~~~~~
1011,!Nc1cc(=O)[nH]c(=O)n1CCc1c[nH]c2ccccc12~2~=O~~~~~~~~~~~~~~~~~~
1012,!CC(=O)Nc1c(C)cccc1C(=O)OC1CCCC1~#N~=O~~~~~~~~~~~~~~~~~~
1013,!O=C(CSc1nnnn1C1CC1)N1CCCCC1~O~~cccc1~~~c1~~~~~~~~~~~~~~
1014,!Cc1noc(C(C)N2CCC3(CCCN(CCO)C3=O)C2)n1~~~~~~~~~~~~~~~~~~
1015,!c1cnn(-c2ccc(CNCCc3cccs3)cc2)c1~~~~~~~~~~~~~~~~~~~~~~~~
1016,!CN(C)c1nc(N)nc(COc2ccc(S(N)(=O)=O)cc2)n1~~~~~~~~~~~~~~~
1017,!CC(=O)Nc1nc(C2CCN(C(=O)CCC3CCCO3)CC2)cs1~~~~~~~~~~~~~~~
1018,!Cc1ccc(-c2noc(C(C)NC(=O)OC(C)(C)C)n2)cc1~~cn1~~~~~~~~~~
1019,!Cc1nn(C)c(C)c1NC(=O)c1ccc(C)c(Cl)c1~~~~~~[nH]1~~~~~~~~~~~~~
1020,!CCc1ccc(S(=O)(=O)Nc2cc(OC)c(OC)cc2F)cc1~~~~~~~~~~~~~~~~
1021,!CCN(CC)C(=O)CCC(=O)Nc1ccc2c(c1)COC2~~~~~~~~~~~~~~~~~~~~
1022,!CCC(=O)Nc1sc(C(=O)OC)c(C)c1C(N)=O~cccc1~~~~~~~~~~~~~~~~
1023,!COc1cc(CNC(=O)CCc2c(C)noc2C)ccn1~~~~C#N~~~~~~~~~~~~~~~)
1024,!O=C(NCC1CCCO1)c1cc2c(cc1Cl)OCCO2~O~~~~~~~~~~[nH]1~~~~~~~~~~
1025,!CCn1cc(CN(C)C(=O)CCc2c(C)noc2C)cn1~~~~)n1~~~~~~~~~~~~~~
1026,!Cc1ccc(NC(=O)c2ccc(-c3cccs3)nc2N)nc1~~~~~~~~~~~~~~~~~~~
1027,!CCN(CC)C(=O)NCc1ccccc1N1CCCC1=O~c1ccc[nH]1~~~~~1~~~~~~~~~~
1028,!O=C(CCc1cccnc1)Nc1nc(-c2ccc3c(c2)CCO3)cs1~~~~~~~~~~~)~~
1029,!O=C(CCSc1ccccc1Cl)NCCN1CCOCC1~~~~~~~1~~~~1~~~~~~~~~~~~~~
1030,!Cc1ccc(O)c2c1C(c1cccnc1OC(C)C)NCC2~~~~~~~~~~~~~~~~~~~~~
1031,!COc1ccccc1CNC(=O)c1ccc(-c2ccccc2)[nH]c1=O~~~~~~~~~~~~~~~~~
1032,!Cc1ccccc1S(=O)(=O)NCc1ccco1~~~(C)C~~~~~~~~~~~~1~~~~~~~~
1033,!Cc1ccccc1NC(=O)NCCC(=O)NCc1ccccn1~~~~~~~~~~~~~~~~~~~~~~
1034,!O=C(NCCSc1cn[nH]n1)C1CC2CCC1C2~OCC1CC1~~~~~~~~~~~~~~~~~~~~
1035,!CC(C(=O)Nc1ccc(N2CCCC2=O)cc1)N1CCCc2ccccc21~~~~~~~~~~~~
1036,!NC(=O)c1cccc(CN(Cc2nnnn2C2CC2)Cc2cocn2)c1~~~~~~~~~~~~~~
1037,!CC(Sc1nccn1C)C(=O)Nc1ccc(C#N)cc1~~ccc~~~~~~~~~~~~~~~~~~
1038,!Cc1ccc(NC(=O)CNc2ccc(C#N)cc2)cc1S(C)(=O)=O~~~~~~~~~~~~~
1039,!CCn1ccc(C(=O)Nc2nc(-c3ccc4c(c3)OCCO4)cs2)n1~~~~~~~~~~~~
1040,!CC(C)N(C)c1ccc(NC(=O)NC2CCC3(CC2)OCCO3)cc1~~~~~~~~~~)~~
1041,!COCCc1nc(-c2ccc3c(c2)CCC(=O)N3C)cs1~~~~~~~~~~~~~~~~~~~~
1042,!CCN(Cc1cnc2ccccn12)C(=O)c1cc(C(C)(C)C)nn1C~~~~~~~~~~~~~
1043,!CCN(Cc1cccc(NC(=O)NCC(=O)NC(C)(C)C)c1)C(C)=O~~~~~~~~~~~
1044,!CN(C)S(=O)(=O)c1ccc(CCC(=O)Nc2ccccn2)cc1~~~~~~~~~~~~~~~
1045,!Oc1ccc(Cl)cc1CCNCc1ccccn1~~cnc1~~~~~~~~~~~~~~~~~~~~~~~~~
1046,!N#Cc1ccc(Cn2c(C(F)(F)F)nc3ccccc32)cc1~#N~~~~~~~~~~~~~~~
1047,!COc1ccccc1C(NC(=O)CCC(C)(C)C)c1ccccn1~~~~~~~~~~~~~~~~~~
1048,!O=C(Oc1cccc(C(F)(F)F)n1)c1ccncc1F~c1~c[nH]c1~~~~~~~~~~~~~~
1049,!CCOCc1cc(C(=O)N2CC(C)(C)C(C)(O)C2)ccc1OC~~~~~~~~~~~~~~~
1050,!O=S(=O)(NC(c1ccccc1F)C1CCCC1)N1CCOCC1~~~~~~~~~~~~~~~~~~
1051,!COc1ccc(N2CC(C(=O)OCC3CCCO3)CC2=O)cc1~~~~~~~~~~~~~~~~~~
1052,!NC(=O)C1CN(C(=O)Nc2ccccc2)CCN1~(=O)C1CCC1~~~~~~~~~~~~~~
1053,!CCN(c1ccccc1)c1ncnc(N2CCCCC2C)c1N~~~~~~~~~~~~~~~~~~~~~~
1054,!CC(C)Oc1cccc(CNC(=O)CNC(=O)c2ccsc2)c1~~~~~~~~~~~~~~~~~~
1055,!COC(=O)c1cc(OC)ccc1OC(=O)c1ccn(C)c(=O)c1~~~~~~~~~~~~~~~
1056,!c1ccc(-c2ncc(CN3CCOC(c4nccs4)C3)s2)nc1~~~~~~~~~~~~~~~~~
1057,!CC(C)CN(C(=O)C1CNC(=O)N1)C1CCCCC1~~)C1CC1~~~~~~~~~~~~~[nH]
1058,!Cc1cc(NC(=O)Nc2ccc(C)c(C)c2)n(C)n1~~~~C1~C1~~~~~~~~~~~~
1059,!O=C(Cc1cccs1)Nc1ccc(NC(=O)C2CCCO2)cn1~~~~~~~~~~~~~~~~~~
1060,!O=C(NCC(O)c1ccccc1)c1cncc(Br)c1~~~~~~~~~~~~~~~[nH]1~~~~~~~~
1061,!Cn1cc(NC(=O)CCCc2nc3ccccc3c(=O)n2C)cn1~~~~~~~~~~~~~~~~~
1062,!NC(=O)COC(=O)C1CCN(C(=O)Cc2ccccc2)CC1~O~~~~~~~~~~~~~~~~
1063,!CCC(C)NC(=O)C(C)NCc1ccc(SC)cc1~~~~~5~~o1~~5~~~~~~~~~~~~
1064,!O=C(NCCc1ccco1)c1cc(COc2cccc(F)c2)[nH]n1~~~~~~~~~~~~~~~~~~
1065,!Cc1ccc(OCCn2c(=O)oc3ccc(N)cc32)c(C)c1~~~~~~~~~~~~~~~~~~
1066,!CN(C)C=Cc1nnnn1-c1cc(Cl)ccc1O~~O~oc~~~~~~~~~~~~~~~~~~~~~
1067,!CCC(C)(C)NC(=O)COn1nnc2ccc(Cl)cc21~~OC~~~~~~~~~~~~~~~~~~
1068,!O=C(c1ccccc1F)N1CCN(C(=O)C2CC2)CC1~O~~~~~n1~~~~~~~~~~~~
1069,!CC(=O)N(CCc1ccccc1)CC(=O)Nc1cccnc1~~)nc1~~~~~~~~~~~~~~~
1070,!CC(C)OC(=O)CNC(=O)Nc1ccccc1Cl~c1cccnc1~~~~~~~~~~~~~~~~~~
1071,!CCCc1cc(C(=O)Nc2cccc(C(C)OC)c2)[nH]n1~~C~~~~~~~~~~~~~~~~~~
1072,!CC1CCC(CNS(=O)(=O)c2ccc3c(c2)OCCO3)CC1~~~~~~~~~~~~~~~~~
1073,!Cc1csc(C(C#N)C(=O)CSc2ccccc2)n1~~~~c[nH]1~~~~~~~~~~~~~~~~~
1074,!COc1ccnc(NC(=O)c2ccccc2C(F)(F)F)c1~~c[nH]1~~~~~~~~~~~~~~~~
1075,!COc1cccc(NC(=O)CSc2nnc(SC)s2)c1~~~~~~~~~~~~~~~~~~~~~~~~
1076,!CN(C(=O)C1CCOC1)c1c(N)n(Cc2ccccc2)c(=O)[nH]c1=O~~~~~~~~1~~
1077,!CCn1ncc2c(C(=O)NCC(C)C)cc(-c3cnn(C)c3)nc21~~~~~~~~~~1~~
1078,!CCN(C)C(=O)CNc1ccc(-c2nnnn2C2CC2)cc1~~~~~~~~~~~~~~~~~~~
1079,!O=C(CSc1nc(-c2ccccc2)n[nH]1)N1CCCC1~O~~~[nH]1~~~~~~~~~~~~~~~~
1080,!CCN1CCN(C(=O)C2CCCCC2)C(C(=O)NCC(F)(F)F)C1~~~~~~~~~~~~~
1081,!CCOC(=O)CN(CC)C(=O)c1cc(Cl)cc(Cl)c1~~[nH]1~~~~~~~1~~~~~~~~~~
1082,!CCCC(=O)Nc1ccc(NCc2nsc(N(C)C)n2)cc1~~~~~~~~~~~~~~~~~~~~
1083,!Cc1ncsc1C(=O)N1CCC2(CCC(=O)N(CC3CC3)C2)CC1~~~~~~~~~~~~~
1084,!Cc1sc(-c2noc(C3CC3)n2)cc1NC(=O)C1CCCC1~~~~~~~~~~~~~~~~~
1085,!O=C(NC1CC1)C1CCCN1C(=O)Cc1cccs1~~~~~~~~~~~~~~~~~~~~~~~~
1086,!CC(NCc1cc(=O)n2nccc2[nH]1)c1ccc(NC(=O)C2CC2)cc1~~~~~~~~~~~
1087,!O=C(Nc1ccc(NC(=O)C2CCCO2)cc1)c1ccncc1F~~~~~~~~~~~~~~~~~
1088,!N#Cc1cccc(NC(=O)c2c[nH]c3c(F)cccc3c2=O)c1~~N~~~~~~~~~~~~~~
1089,!COc1ccccc1C(=O)Nc1ccnn1Cc1ccccc1Cl~~~~~~~~~~~~~~~~~~~~~~
1090,!Cc1ccc(CNC(=O)c2cccc3nscc23)cc1~~ccnc1~~~~~~~~~~~~~~~~~
1091,!COC(=O)c1cc(S(=O)(=O)Nc2ccccc2C)cn1C~~~o1~~~~~~~~~~~~~~
1092,!O=C(CCn1cnnc1)N(Cc1ccccc1)c1ccccc1~~~~~~~~~~~~~~~~~~~~~
1093,!CC(=O)N(C)c1cccc(NC(=O)CNc2cccc(Cl)c2)c1~~~~~~~~~~~~~~~~
1094,!CCCNc1ncnc(Nc2ccc(C(F)(F)F)cc2)c1N~~~~~~~[nH]1~~~~~~~~~~~~
1095,!Cc1cc(NC(=O)C2CC(=O)N(Cc3cccs3)C2)ccn1~~~~~~~~~~~~~~~~~
1096,!CC1=CC(C)=NC(=O)C1CNC(=O)c1ccc2ccccc2n1~~~~~~~~~~~~~1~#
1097,!Cc1ccc(C(=O)c2ccc(N3CCOCC3)cc2)cc1~~~~~~~~~~~~~~~~~~)~~
1098,!CC(Oc1ccc(C#N)cc1)C(=O)NC(C)c1cc2ccccc2o1~~~~~~~~~~~1~~
1099,!O=C1CCC(C(=O)NCCc2c(Cl)cccc2Cl)N1~~~C[H]~~~~~~~~~~~~~~~~~~~
1100,!CCN(Cc1cccc(F)c1)C(=O)c1cccnc1-n1cccn1~~~~~~~~~~~~~~~~~
1101,!Cn1cnc(CNC(=O)c2cccc(-n3cccc3)c2)n1~~n~cnc1~~~~~~~~~~~~
1102,!Cc1cc(NC(=O)c2cc3cc(Cl)ccc3o2)n(C)n1~~~~~~~~~~~~~~~~~~~~
1103,!Cc1ncc(CNC(=O)Nc2ccn(Cc3ccncc3)n2)s1~~~~~~~~~~~~~~~~~~~
1104,!COc1ccc(F)cc1C(O)CNc1c(C)cccc1C~~C)cc1C~~~~~~~~~~~~~~~~
1105,!Cc1cc(C)c(C)c(C(O)CCCC(=O)NC(C)(C)C)c1C~(C)C~~~~~~~~~~~
1106,!CC(CC#N)N(C)Cc1cccc(Br)c1~O~~~~[nH]1~~~~[nH]1~~~~~1~~~~~~~~~~~
1107,!CC(CO)CNC(=O)NCc1ccc(Oc2ccc(F)cc2)cc1~~~~~~~~~~~~~~~~~~
1108,!O=C(CCc1csc(-c2nc[nH]n2)n1)OCc1ccccc1Cl~~~~~~~~~~~~~~~~~~~~
1109,!O=C(CCCn1cccn1)Nc1nnc(-c2ccccn2)[nH]1~~~)c1~~~~~~~~~~~~~~~
1110,!Cc1nc(C)n2ccn(CCc3ccccc3)c(=O)c12~=O~~~)n1~~~~~~~~~~~~1
1111,!O=C(c1cccs1)N1CCCN(C(=O)c2ccc(O)cc2)CC1~~~~~~~~~~~~~~~~
1112,!Cc1occc(=O)c1OCc1noc(-c2ccoc2)n1~~ccc1~~~~~~~~~~~~~~~~~
1113,!Cc1ccc2cc(C(=O)NCc3cc(C(C)C)no3)c(C)nc2c1~~~~~~~~~~~~~~
1114,!CC(C)CCN1C(=O)CCC2CN(Cc3cnnn3C)CCC21~~~~~~~~~~~~~~~~~~~
1115,!Cc1nc(C)c(C(=O)NCCCOCc2ccco2)s1~~~~~~~~~~~~)~~~~~~~~~~~
1116,!Cc1cccc(C)c1NC(=O)CNC(=O)Nc1ccc2c(c1)COC2~~~~~~~~~~~1~~
1117,!COCc1ccccc1CNC(=O)CN1CCOC(C)(C)C1~~~~~~~~~~~~~~~~1~~~~~
1118,!COc1c(Cl)cc(Cl)cc1CCCC#N~C(N)=O~c[nH]c2c1~~~~~[nH]1~~~~~~~~~~~~
1119,!O=S(=O)(Cc1ccccc1)NCC(O)c1ccco1~~ccc1~~~~~~~~~1~~~~~~~~
1120,!O=C(COC(=O)C1CC2C=CC1C2)Nc1cccc(F)c1~~cco1~~~~~~~~~~~~~
1121,!Cc1cc(C(=O)N2CCNC(=O)C2)c(=O)n(-c2ccccc2)n1~~~~~~~~~1~c
1122,!COC(=O)c1cc(-c2ccc(Cl)cc2)[nH]c(=O)n1~~C#N~~~~~~~~~~~~~~~~~
1123,!CC(C)C(=O)Nc1cccc(NC(=O)NCc2ncc[nH]2)c1~~~~~~~~~~~~~~~~1~~
1124,!CCCn1c(C)nnc1SCC(=O)c1ccc2c(c1)CCC2~~~~o1~~~~~~~~~~~~~o
1125,!COCCCNC(=O)c1onc(-c2ccccc2F)c1N~(C)=O~~~~~~~~~~~~~~~~~~
1126,!N#Cc1cc(F)c(NCC(=O)N2CCCC2)c(F)c1~~~nnn1-2~~~~~~~~~~~~~
1127,!CC(=O)c1csc(COc2ccc(F)cc2F)n1~~(C)C~~~~~~~~~~~~~~~~~~~~
1128,!Cc1cc(C)nc(C(C#N)C(=O)c2cccc(-c3ccoc3)c2)n1~~~~~~~~~~~c
1129,!CC(C)N(CCCO)S(=O)(=O)c1cccc(Cl)c1~~~~~~~~~~~~~~~~~~~~~~~
1130,!CC(C)C(=O)N1CCC2(CC1)N=C(c1cccc(F)c1)C(=O)N2~~~~~~~~~~N
1131,!CCOCC(=O)N1CC2CC3CC(C2)CC1C3OCc1ccncc1~~~~~~~~~~~~~~~~~
1132,!CCCCN1C(=O)C(NC(C)=O)c2cc(Br)cc(C)c21~~~~~~~~~~~~~~~~~~~
1133,!CC1CCCN(C(=O)Cn2c(N)nc3cc(F)c(F)cc32)C1~~~~~~~~~~~~~~~[nH]
1134,!CCN(C(=O)c1ccc(C)nc1N)C1CCCCC1~~~~~~[nH]1~~~~~~~~~~~~~~~~~
1135,!CCc1nnc(-c2ccc(NC(=O)c3ccccc3OC)cc2)o1~~~~~~~~~~~~~~~~#
1136,!COC(C)C(=O)Nc1ccccc1N1CC(C)OC(C)C1~~~~~~~~~~~~1~~~~~~~~
1137,!O=C(Nc1cnn(Cc2ccccc2)c1)C1CCCO1~~ccc1~~~~~~~~~~~~~~~~~~
1138,!O=C(NCc1noc(C2CCCCC2)n1)C1Cc2ccccc2S1~~~~~1~~~~~~~~~~~~
1139,!O=C(CCSc1ccc(F)cc1)NCCc1ccco1~~~~~~~~~~~~~~~~~~~~~~~~~~
1140,!CCN(CCNC(=O)Nc1nccs1)C(=O)OC(C)(C)C~~~~~~~~~~1~~~~~~~~~
1141,!CCOc1ccc(-c2ccc(OC)c3nc(N)nn23)cc1~~cco1~~~~~~~~~~~~~~~
1142,!CC(C)c1cc(C(=O)NCc2csc(C3CC3)n2)n[nH]1~~(C)C~~~~~~~~~~~~~~
1143,!Clc1ccc(Oc2ncccc2CNc2ncccn2)c(Cl)c1~~~[nH]1~~~~~~~~~~~~~~~~~
1144,!O=C1NCCNC1c1ccc(OCc2ccccc2)cc1~~#CN~~~~~~~~~~~~~~~~~~~~
1145,!CCCN(CC(=O)OC)C(=O)c1cc2ccccc2o1~1CC1~~~~~~~~~~~~~~~~~~
1146,!Cc1onc(-c2ccncn2)c1C(=O)NCCc1cccc(F)c1~~~~~~~~~~~~~~~~~
1147,!COC(=O)c1ccc(C)c(NC(=O)c2ccc(C(F)(F)F)nc2)c1~~~~~~~~)~~
1148,!CCC(C)C(NC(=O)c1cnc(C2CCCO2)s1)C(N)=O~~~~~~~~~~~~~~~~~~
1149,!COc1cc(OC)c(OC)cc1CNCC(F)(F)F~~#N~)c1~~~~~~~~~~~~~~~~~~
1150,!CCCN(C)c1ccc(C(=O)N2CC(c3nc(C)no3)C2)cc1~~~~~~~~~~~~~~~
1151,!CC(=O)c1c(C)[nH]c(C(=O)N(C)Cc2cccc(C#N)c2)c1C~1CC1~~~~~cc1
1152,!CCOc1ccc(Cl)cc1NC(=O)c1cccc(NC(C)=O)c1~~~~~~~~~~~~~~~~~~
1153,!CC(=O)Nc1cccc(NC(=O)c2noc3c2CCc2sccc2-3)c1~~~~~~~~~~~~~
1154,!CC(=O)N1CCCC1C(=O)Nc1ccc(OCCc2ccccc2)nc1~~~~~~~~~~~~1~~
1155,!CN(CCOCC1CC1)S(=O)(=O)c1cc(Cl)ccc1C#N~~~~~~~~~~~~~~~~~~~
1156,!CCOC(=O)c1nc(-c2nn(-c3ccccc3)c(N)c2C#N)no1~~~~~~~~~~~~~
1157,!O=C(NCc1ccccn1)c1cnc2c(c1)c(=O)[nH]c(=O)n2C1CC1~~1~~~~~~~~
1158,!CCN(CC)C(=O)C1(NCc2csc(-c3ncccn3)n2)CCCC1~~~~~~~~~~~~~~
1159,!Cc1ccc(C(CNC(=O)c2ccc3[nH]cnc3c2)N2CCOCC2)o1~~~~~~~~~~~~~~
1160,!CNC(=O)c1ccsc1NC(=O)c1nn(C)c2ccccc12~~~~~~~~[nH]1~~~~~~~~~
1161,!CN(CCCOc1ccc(F)cc1)C(=O)NCc1ccncc1~~~~~~~~~~~~~~~~~~~~~
1162,!Cc1ccc2nc(COC(=O)COc3ccc(C#N)cc3)cc(=O)n2c1~~~~~~~~~1~C
1163,!CCNC(=O)C(C)NC(=O)NCCOc1cccc(F)c1~~~~~~~~~~~~~~~~~~~~~~
1164,!CN(C)c1cccc(C(=O)Nc2ccccc2)c1F~c1cnccn1~~~~~~~~~~~~~~~~
1165,!CCC1CCCN(C(=O)c2cccn2C)C1CO~~~nnn1~~~~~~~~~~~~~~~~~~~~~
1166,!O=C(c1cccs1)N1CCc2onc(Nc3cccnc3)c2C1~~~~~~~~~~~~~~~~~~~
1167,!Cc1ccc2[nH]nc(C(=O)N3CCCC(O)(CO)C3)c2c1~~cco1~~~~~~~~~~~~~
1168,!O=C(NCC1(c2ccccc2F)CC1)c1ccco1~~cnc1~~~~~~~~~1~~~~~~~~~
1169,!COc1ccc(C(C)(C)C)cc1NC(=O)c1cnc2n(c1=O)CCS2~~~~~~~~~~~=
1170,!Cn1cc(COC(=O)c2cnn(-c3ccc(F)cc3)n2)cn1~~~~~~~~~~~~~~~~~
1171,!Cc1nsc(NC(=O)N2CCc3ccc(Cl)cc3C2)n1~~~~~~~~~~~~~~~~~~~~~~
1172,!CNC(=O)C(NC(=O)c1nc(-c2ccccc2)oc1C(C)C)C(C)C~~~~~~~~~~~
1173,!N#Cc1nncn1-c1ncnc2sc3c(c12)CCCC3~~#N~~~~~~~~~~~~~~~~~~~
1174,!CCc1ccc(S(=O)(=O)N(CC2CCOC2)C2CC2)s1~~~~~~~~~~~~~~~~~~~
1175,!COc1cccc(C(=O)NCCNc2cccc(F)n2)c1~~ccc~~~~~~~~~~~~~~~~~~
1176,!CC(=O)N1CCc2cc(C(=O)Nc3cc4c(cc3C)OCO4)ccc21~~~~~~~~~~~~
1177,!Cc1nc(C2CCCCCN2C(=O)N(C)C)no1~~(F)(F)F~~~~~~~~~~~~~~~~~
1178,!N#Cc1ccc(OCC(=O)N2CCCS2(=O)=O)cc1~(F)(F)F~~~~~~~~~~~~~~
1179,!Cc1nnc(NC(=O)c2nccnc2N)c2ccccc12~c1ccccc1~~~~~~~~~~~~~~
1180,!COc1ccccc1CN(CCO)C(=O)Nc1c(F)cccc1F~~[nH]1~~~~~~~~~~~~~~~~
1181,!O=c1oc2cccnc2n1CCSc1nc(-c2ccccn2)n[nH]1~~~~~~~~~~~~~~~~~~~
1182,!CCCC(=O)NCC(=O)Nc1ccc(C(=O)NC(C)(C)CC)cc1C~~~~~~~~~~~~~
1183,!Cc1cc(C(=O)Nc2nc3c(s2)CN(CC(C)C)CC3)nn1C~~~~~~~~~~~~~~~
1184,!O=C(Cn1c2ccccc2c(=O)c2ccccc21)OCC(F)(F)F~~~~~~~~~~~~~~~
1185,!COc1ccccc1C(=O)NC(C(=O)NCc1ccco1)C(C)C~~~~~~~~~~~~~~~~~
1186,!COc1ccc(C(C)N2CCN(C(=O)c3ccccc3F)CC2)cc1~~~~~~~~~~~~~~~
1187,!CCNc1snnc1CN1CCc2ccccc2C1~~(=O)OC~~~~~~~~~~~~~~~~~~~~~~
1188,!Cc1csc2nc(OCC3CCCO3)c(CC#N)c(=O)n12~CC3~~~~~~~~~~~~~)~~
1189,!CC1CCCCN1C(=O)Cn1c(N)nc2ccccc21~=O~~~~~~~~~~~~~~~~~~~~~
1190,!Cc1n[nH]cc1CNC(=O)CNC(=O)c1ccccc1~~cccc1~~~~~~~~~~~~~~~~~~
1191,!COc1ccc(-n2cnnc2-c2cc(N)ccc2C)cc1Cl~[nH]1~~~~~~~~~~~~~~~~~~
1192,!Cn1ncc2c(N3CCCN(c4cccnn4)CC3)ncnc21~F~~~1~~~~~~~~~~~~~~
1193,!Cc1cccnc1NC(=O)c1cncc(C(=O)NCc2ccccc2)c1~~~~~~~~~~~~~~~
1194,!O=C(CC1NC(=O)c2ccccc21)NCc1cn(-c2ccccc2)nn1~~~~~~~~~~~~
1195,!O=C(Nc1ccccn1)c1cn(-c2ccc(C(F)(F)F)cn2)nn1~~~~~~~~~~~~~
1196,!CCN(CC)C(=O)CCNC(=O)c1ccnc(SC)c1~~c1~~~[nH]1~~~~~~~~~~~~~~
1197,!CC(C(=O)NCc1ccccc1Cn1cncn1)c1ccsc1~~~~~~~~~~~~~~~~~~~~~
1198,!Cc1cnc(=O)n(CC(=O)Nc2c(C)cccc2C)c1~~cccc1~~~~~~~~~~~~~~
1199,!CCCCNC(=O)c1cnc(-c2ccc(F)cc2)nc1N~(C)=O~~~~~~~~~~~~~~~~
1200,!CS(=O)c1ccc(C(=O)NCCCn2ncccc2=O)cc1~~~~~~~~~~~~~~~~~~~~
1201,!CN(Cc1ccccc1)C(=O)C1CCC(=O)N(C2CCCCCC2)C1~~~~~~~~~~~)~~
1202,!O=C(CCc1ccccc1)NCC(=O)N1CCOCC1C1CC1~C1~~~~~~~~~~~~~~~~~
1203,!Cc1ccccc1CNS(=O)(=O)c1cccc(C(N)=O)c1~~~~~~~~~~~~~~~~~~~
1204,!Cc1sc2nc(SC(C)C)n(CCO)c(=O)c2c1C~c-1c~[nH]1~~~~~~~~~~~~~~~
1205,!CCOc1ccc(S(=O)(=O)N(C)c2ccc(Cl)cn2)cc1~~~~~~~~~~~~~~~~~~
1206,!CC(C)N(C)C(=O)Cc1ccc(-n2cnnn2)cc1~)c1cccnc1~~~~~~~~~~~~
1207,!CC1Oc2ccccc2OC1C(=O)NCc1ccccc1F~~ccc1~~~~~~~~~~~~~~~~~~
1208,!Cc1cc(-n2c(C)cc(-c3csc(NC(C)C)n3)c2C)no1~~~~~~~~~~~~~~~
1209,!O=C(Cc1ccc[nH]1)Nc1cccnc1-n1cccn1~~cnc1~~~~~~~~~~~~~~~~~~~
1210,!CC(NC(=O)C1CCCCC1)C(=O)N=c1[nH]c2ccccc2[nH]1~~~~1~~~~~~~~~1~~
1211,!CCCn1nc(-c2ccccc2)cc1C(=O)NCc1ccncc1~~~~~~~~~~~~~~~~~~~
1212,!CCC(C)(C)NC(=O)CSc1nnc(C(F)(F)F)n1N~=O~~~~~~~~~~~~~~~~~
1213,!CCc1ccc(-c2n[nH]c(SCC(=O)Nc3cc(C)on3)n2)cc1~~~~~~~~~~~~~~~
1214,!CC(=O)Nc1sc(-c2cccs2)cc1C(=O)NCc1ccco1~~~~~~~~~~~~~~~~~
1215,!CCC(OCC(F)(F)F)C(=O)N1CCN(CCOC)C(=O)C1~~~~~~~1~~~~~~~~~
1216,!C=CCOC12CCC1N(C(=O)c1cc(Cl)ccc1Cl)CCO2~~~~~~~~~~~~~~~~~~~
1217,!Cc1cccc(N2CC3(CCN(C(=O)c4cnccn4)C3)CC2=O)c1~~~~~~~~~~~~
1218,!COc1cc(NCc2cc(C)on2)cc(OC)c1~~~~cccc1~~~~~~~~~~~~~~~~~~
1219,!CC(C)c1nc(-c2ccc(-c3ccn[nH]3)cc2)no1~~n1cccn1~~~~~~~~~~~~~
1220,!O=C(CCCN1C(=O)CCc2ccccc21)NCC1CCC1~C1CC1~~~~~~~~~~~~~~~
1221,!CC(C)(C)C(=O)NCC1CCN(C(=O)C2CC2)CC1~C1CC1~~~~~~~~~~~~~~
1222,!CC1(C)Oc2ccc(NC(=O)c3ccc(-n4cccn4)cc3)cc2O1~~~~~~~~~~~~
1223,!Cc1ccc(C#N)c(SCn2nnc3ccccc3c2=O)n1~~~~~~~~~~~~~~~~~~~~~
1224,!Cc1ccc(S(=O)(=O)NCCOCCO)c2ccccc12~~~~~~~~~~~~~~~~~~~~~~
1225,!CCN(CC)C(=O)c1ccc(C(=O)NC(C)Cn2cncn2)cc1~~~~~~~~~~~~~~~
1226,!Cc1nn(C)c(C)c1OCCOc1ccc(CC#N)cc1~~~~~~~~~~~~~~~~~~~~~~~
1227,!NS(=O)(=O)c1ccc(CNC(=O)NCc2ccccc2Cl)cc1~~~~~~~~~~~~~~~~~
1228,!COc1ccnc(NC(=O)CCCc2cccs2)c1~~cncc1~~~~~~~~~~~~~~~~~~~~
1229,!CCN1CCN(C(=O)CCNC(=O)c2cccc(-c3ccoc3)c2)CC1~~~~~~~~~~~~
1230,!Cc1cc(NC(=O)CCc2nc(-c3cccs3)no2)c2ncccc2c1~~~~~~~~~~~~~
1231,!CC(C)C(NC(N)=O)C(=O)NCc1ccccc1CO~(C)C~~~~~~~~~~~~~~~~~~
1232,!CN(C)S(=O)(=O)c1cccc(NC(=O)CCOCC2CCCO2)c1~~~~~~~~~~~~~~
1233,!N#CC(C(=O)c1cc(=O)c2cc(Cl)ccc2o1)c1ccccn1~~~~~~~~~~~~~~~
1234,!N#CCCCCN1CCN(C(=O)c2ccc(Cl)cc2Cl)CC1~~~~~~~~~~~~~~~~~~~~~
1235,!Cc1ccc(CC2CCCN2C(=O)CCCn2cncn2)cc1~~~~~~~~~~~~~~~~~~~~~
1236,!CCc1nnc(NC(=O)CCc2nc(-c3ccco3)no2)s1~~~~~~~~~~~~~~~~~~~
1237,!CN(c1nc2sccn2c1CO)C1CCOC1=O~1CC1~~cco1~~~~~~~~~~~~~~~~~
1238,!Cn1c(=O)n(C)c2cc(C(=O)NC(C)(C)C#N)ccc21~F~~O~~~~~~~~~~c
1239,!COc1ccc(C(C)=O)cc1CC(=O)NCc1cccc(F)c1~~~~~~~~~~~~~~~~~~
1240,!CCc1ccc(S(=O)(=O)NC(C)C(C)C)s1~~~~nnc1~~~~~~~~~~~~~~~~~
1241,!Cc1ccc(O)c(C(=O)N2CCN(c3ccccc3C#N)C(=O)C2)c1~~~~~~~~~~~
1242,!Nc1ccc(Cl)c(C(=O)NC2(c3ccccc3)CCC2)c1~~~~~~~~~~~~~~~~~~~
1243,!COc1ccccc1CNC(=O)CSc1nc2ccccc2[nH]1~~~~[nH]1~~~~~~~~~~~~~~~~~
1244,!CCc1cc(C2CCCN2C(=O)c2c(F)cccc2Cl)on1~~~~~~~~~~~~~~~~~~~~
1245,!COc1cc(NC(=O)c2ncoc2C2CCCO2)cc(OC)c1~~~~~~~~~~~~~~~~~~~
1246,!CC(Oc1ccc(Cl)c(Cl)c1)C(=O)OCC1CCC(=O)N1~~~~~~~~~~~~~~~~~)
1247,!CCc1onc(C)c1NC(=O)c1ccc(F)c(F)c1~F~F~~~~~~~~~~~~~~~~~~~
1248,!COC(=O)c1ccc(NC(=O)c2ccccc2)cc1~~~~=N1~~~~~~~~~~~~~~~~~
1249,!O=C(Nc1ccc2c(c1)OC1(CCCCC1)O2)N1CCCC(O)C1~~~~~~~~~~~~~~
1250,!CCN(CC)C(=O)CCC1NC(=O)c2ccccc2N1~~~~co1~~~~~~~~~~~~~~~~
1251,!Cc1cc(C)n(-c2ccc(C(=O)NCc3ccco3)cn2)n1~~~~~~~~~~~~~~~~~
1252,!OCc1cc(-c2ccc(-c3cc[nH]n3)cc2)cs1~~1~CC1~~~~[nH]1~~~~~~~~~~~~
1253,!COc1cc(C)c(C(=O)NCCc2ccc(F)cc2C)cc1OC~~~~~~~~~~~~~~~~~~
1254,!CC(C)=CCN1C(=O)C(C(C)C)N(C)c2ccc(N)cc21~~~~O~~~~~~~~~~=
1255,!Cc1ccnc2nc(C(=O)OCC(=O)c3ccc4c(c3)CCC4)nn12~~~~~~~~~1~~
1256,!O=C(COc1cccnc1)NCCc1nc(-c2ccc(F)cc2)n[nH]1~~~~~~~~~~~~~~~~
1257,!CC(C)(C)c1nc2cc(O)ccc2n1Cc1cccnc1N~CO~~~~~~~~~~~~~~~~~~
1258,!CC(NC(=O)c1n[nH]c2ccccc12)c1ccccc1~~~~CC1~~~~~~~~~~~~~~~~~
1259,!CN(Cc1cc(-c2cccs2)n[nH]1)C(=O)c1cnc(C2CC2)[nH]c1=O~~~~~~~~~~~
1260,!Cc1nc(CN2CCN(Cc3cnc(C(C)(C)C)s3)CC2)oc1C~~~~~~~~~~~~~~~
1261,!CCC1C(=O)NCCN1C(=O)CC(C)c1c(C)n[nH]c1C~(C)C~~~~~~~~~~~~~~~
1262,!COc1ccccc1S(=O)(=O)NCC(O)c1ccc(C)cc1~~~~~~~~~~~~~~~~~~~
1263,!Cc1cc2oc(=O)cc(Cn3ccnc3)c2cc1Br~~~~[nH]1~~~~~~~~~~~~~~~~)~~
1264,!CC(=O)NC(C)C(=O)Oc1cccc(Cl)c1Cl~c1ccccc1~~~~~~o1~~~~~~~~~
1265,!Cc1n[nH]c(C)c1C(C)CC(=O)N1CCN(c2cccc(Cl)c2)CC1~~~~~~~~~~~~~
1266,!N#Cc1cccnc1NCC(CO)Cc1cccs1~~o1~~~co1~~~~~~~~~~~~~~~~~~o
1267,!Cn1cc(CC2CCN(C(=O)c3ccc4ccccc4c3)C2)cn1~~~~~~~~~~~~~~~~
1268,!CCCCNC(=O)c1ccc(CNC(=O)c2cc(C)on2)cc1~~~~~~~~~~~~~~~~~c
1269,!CC(=O)c1cccc(NC(=O)c2ccc(F)cc2Cl)c1~~)c1~~~~~~~~~~~~~~~~
1270,!C=CCNC(=O)c1ccc2nc3ccccc3c(=O)n2c1~~~~~~~~~~~~~~~~~~~~~
1271,!Cc1sc2nc(SCCn3c(=O)oc4cccnc43)nc(N)c2c1C~~~~~~~~~~~~~~~
1272,!COC(=O)NCC(=O)NC(c1ccc(Cl)cc1)c1nccn1C~~~~~~~~~~~~~~~1~~
1273,!CCn1c(C)cc(C(=O)CN2CCCC(C(N)=O)C2)c1C~(C)C~~~~~~~~~~~~=
1274,!COc1ccc(C2CCCN2C(=O)C2CC(=O)N(C)C2)c(OC)c1~~~~~~~~~~~~~
1275,!Cc1ccccc1C1(CNC(=O)c2ccn(C)c(=O)c2)CC1~~~)C1CC1~~~~~~~C
1276,!Cn1c(=O)c(CN2CCOC3CCCCC32)nc2ccccc21~~~~~~~~~~~~~~~~~~~
1277,!CC(=O)N(C)c1cccc(NC(=O)c2ccoc2C)c1~cccc1~~~~~~~~~~~~~~~
1278,!O=C(NCCc1nc2ccccc2[nH]1)Nc1cccc2cccnc12~~~~~~~~~~1~~~~~~~~
1279,!COC(=O)c1cccc(NC(=O)CCS(=O)(=O)c2ccccc2)c1~~~~~~~~~~~~~
1280,!CNC(=O)NC(C)(C)C(=O)NCCCc1cccc(F)c1~~cccc1~~~~~~~~~~1~)
1281,!COc1cccc(OCc2nc(-c3cnccn3)no2)c1~~cco1~~~~~~~~~~~~~~~~~
1282,!C=CCNC(=O)c1ccc(NC(=O)NC(C)c2ccccn2)cc1~~~~~~~~~~~~~~~~
1283,!CCC1(CC)Oc2ccc(S(=O)(=O)C(C)C)cc2NC1=O~~~~~~~~~~~~~~~~~
1284,!Brc1ccccc1-c1ccnc2ncnn12~~~~~~~~~~~~~~~[nH]1~~~~~~~~~~~~~~~
1285,!Cc1cccc(C)c1NC(=O)c1cc2cccc3c2n1CCS3~~~5~~3~~~~~~~~~~~~
1286,!C=CCSc1nc2sc3c(c2c(=O)n1N)CC(C)(C)OC3~~~~~~~~~~~~~~~~~~
1287,!COc1cc(NC(C)c2ccc3c(c2)CCC(=O)N3)ncn1~~n1~~~~~~~~~~~~~~
1288,!CCOc1ccc2c(C(=O)NCCc3cccs3)cc(=O)oc2c1~~~~~~~~~~~~~~~~~
1289,!CCCN(Cc1ccccc1N)C(=O)c1ccc(=O)[nH]c1~~~~~~~~~~~~~~~~~1~~~~
1290,!CC(CO)NC(=O)c1cnn(-c2ccccc2)n1~~c1ccccc1~~~~~~~~~~~~~~~
1291,!Cc1cccc(CNC(=O)CN(C)c2ncnc3[nH]cnc23)c1C~~~~~~~~~~~~~~~~~~
1292,!CC1CC(C)CN(C(=O)c2cc(-c3ccco3)on2)C1~~~~O~~~~~~~~~~~~~~
1293,!CC(C)(C)NC(=O)CCNC(=O)Nc1nccs1~~ccc1~~~~~~~~~~~~~~~~~~~
1294,!Cc1ccc(-n2c(SCC(=O)NC3CC3)nnc2N2CCCC2)cc1~~~~~~~~~~~~~~
1295,!NC(=O)N1CCCC(C(=O)N2CCCC2C2CCCCC2)C1~O~~~~~~~~~~~~~~~~~
1296,!CCOc1ccccc1OCC(=O)Nc1cccc(NC(C)=O)c1C~~~~~~~~~~~~~~~~~~
1297,!CC(=O)N1CCN(C(=O)COc2c(C)ccc(C)c2C)CC1~~~~~~~~~~~~~~~~~
1298,!CN(Cc1csc(-c2cccs2)n1)C(=O)c1ccc(=O)[nH]n1~~~~~~~~~~~~~~~~
1299,!COc1ccc(NC(=O)c2c(-c3ccccc3)noc2C)cc1OC~~~~~~~~~~~~~~~~
1300,!COc1ccccc1NC(=O)c1ccc(OCc2ccccc2)nc1~~~~~~~~~~~~~~~~~~~
1301,!O=C(Nc1c(F)cccc1F)N1CCCN(c2nccs2)CC1~~~~~~~~~~~~~~~~~~~
1302,!C#CCOc1cccc(NC(=O)c2cc(S(N)(=O)=O)c(C)o2)c1~~~~~~~~~~~~
1303,!CS(=O)c1ccccc1C(=O)NCc1ccccc1Cn1cccn1~~~~~~~~~~~~~~~~~~
1304,!Cc1cc2c(=O)n(Cc3nccc(N)n3)cnc2s1~~~#N~~N~~~~~~~~~~~~~~~
1305,!CC(C)Cn1c(SCCCO)nnc1N1CCOCC1~~~~~~~~~~~~~~~~~~~~~~~~~~~
1306,!COc1cc(NS(=O)(=O)N2CCCCC2)cc(OC)c1~~~~~~~~~~~~~~~~~~~~~
1307,!CCc1ncc2c(n1)CN(C(=O)C(C)(NC(C)=O)C1CCCC1)C2~~~~~~~~~~C
1308,!CNC(=O)CCC(C#N)c1cc(OC)ccc1OC~~C~~~o1~~~~~~~~~~~~~~~~~~
1309,!CCc1nc(CNCCc2ccc(F)cc2)cs1~~~~~~~~ccc~~~~~1~~~~~~~~~~~~
1310,!CC(C)N(Cc1ccccc1)C(=O)c1nc2ncccn2n1~~N~#N~~~~~~~~~~~1~~
1311,!CC(=O)Nc1ccc(NC(=O)NC2CCOC3(CCCC3)C2)cc1~~~~~~~~~~~~~~~
1312,!CN(C)C(=O)C(Sc1nnc(-c2ccc(O)cc2)o1)c1ccccc1~~~~~~~~~~~~
1313,!O=C(CC12CC3CC(CC(O)(C3)C1)C2)N1CCCC(n2cccn2)C1~~~~~~~~N
1314,!Cc1cc(C)n(-c2cc(-c3ccc(S(C)(=O)=O)c(O)c3)ncn2)n1~~~~~~~
1315,!CC(C)c1nc(C(C)NC(=O)c2cc3ccccn3c2)cs1~~~~~~~~~~~~~~~~~~
1316,!c1csc(C2CCCN2c2nc3nonc3nc2N2CCCC2)c1~~~~~~~~~~~~~~~~~~~
1317,!Nc1cccc2c(C(=O)Nc3ccc(F)cc3)nccc12~~~O~~~~~~~~~~~~~~~~~
1318,!Cn1c(SCC(=O)C2=NC=CC2)nnc1-c1cccs1~~~~~~~~~~~~~~~~~~~~~
1319,!CN(C)C(=O)c1nn(-c2ccc(F)cc2)c2c1CCC2~~#N~~~~~~~~~~~~~~[nH]
1320,!Cc1cc(Cl)ccc1S(=O)(=O)N(C)C(C)C~#N~c2ccoc21~~~~~~~~~~~~~
1321,!CCOC(=O)CNC(=O)CSc1ccc[nH]1~=Cc1ccccc1~~~~~~~~~~~~~~~~~~~~
1322,!O=C(Cn1ccnn1)N1Cc2ccccc2-c2ccccc2C1~~~[nH]1~~~~~~~~~~~~~~~
1323,!CCCn1nc(-c2ccc(OC)c(C)c2)cc(N)c1=O~C=C~~~~[nH]1~~~~~~~~~~~
1324,!CCc1nc(C)c(C(=O)NCC2CN3CCCCC3CO2)o1~~~~~~~~~~~~~~~~~~~~
1325,!COc1cccc(C(=O)N2CCCN(S(C)(=O)=O)CC2)c1F~~~~~~~~~~~~~~~~
1326,!COc1ccc2c(c1)CN(Cc1nnc(-c3cccs3)o1)CC2~~~~~~~~~~~~~~~~~
1327,!CC(=O)NCC1CN(CC(=O)N(c2cnn(C)c2)C2CC2)CCO1~~~~~~~~~~~~~
1328,!N#Cc1ccc(OC2CN(C(=O)NCc3ccc(C#N)cc3)C2)cc1~~~~~~~~~~~~~
1329,!O=C(OCc1nnc(-c2ccccc2)o1)c1cc(F)cc2[nH]cnc12~~~~~~~~~~~~~~
1330,!CC(=O)NCc1ccc(C(=O)Oc2ccc(-n3cnnn3)cc2)s1~~~~~~~~~~~1~~
1331,!Nc1cccc(NC(=O)Cn2c(=O)oc3ccccc32)c1~~cccc1~~~~~~~~~~~~~
1332,!COc1ccccc1Cc1nnc(NC(=O)c2ccccc2Cl)o1~~~~~)~~~~~~~~~~~~~~
1333,!c1cnn(Cc2nn3c(-c4cccnc4)nnc3s2)c1~~cc[nH]1~~~~~~~~~~~~~~~~
1334,!Cc1sc(=O)n(CC(=O)N2CC(C)OC(C)C2)c1C~C(C)C~~~~~~~~~~~~~~
1335,!O=C(CCCNC(=O)C1CC1)NC(c1ccccc1)c1ccccc1~~~~~~~~~~~~~~~~
1336,!Cc1n[nH]c(C(=O)N2CCN(c3ncccn3)CC2)c1Br~~~~~~~~~~~~~~~1~~~~~
1337,!O=C1COc2ccc(C(=O)Cn3ccc(C(F)(F)F)n3)cc2N1~~~~~~~~~~~~~~
1338,!O=C(Nc1ccnc2c1CCC2)c1cnc2ccccc2n1~~~~~~~~~~~~~~~~~~~~~~
1339,!COC(=O)c1cc(CNC2CCCN(c3ccccc3F)C2=O)c[nH]1~~~~~~~~~~~~~~~~
1340,!COc1ccc(NC(=O)NC2CCOc3c(Cl)cccc32)cn1~~~~~~~~~~~~~~~~~~~
1341,!CCOc1cccc(C(=O)NCCNC(=O)c2cc(C)no2)c1~~~~~~~~~~~~~~~~~~
1342,!CCNC(=O)C1CCN(c2nccc(CCC(F)(F)F)n2)C1~~~~~~~~~~~~~~~~~~
1343,!CN(Cc1cccc(F)c1)C(=O)CCNS(=O)(=O)c1cccnc1~~~~~~~-#~~~~~
1344,!COc1ccc(C)cc1Cn1nc2n(c1=O)CCCCC2~~)c1C~~~~~~~~~~~~~~~~~
1345,!CCN(CC(=O)c1ccccc1OC)CC(F)(F)F~C#N~n1~~~~~~~~~~~~~~~~~~
1346,!O=C(CNc1ccc(F)c(F)c1F)N1CCCCCC1~O~ccc1~~[H]~1~~~~1~~~~~~~
1347,!CCn1cc(S(=O)(=O)NC2COc3ccc(C)cc3C2)cn1~~~~~~~~~~~~~~~~~
1348,!COc1ccc(F)c(NC(=O)c2cc(C(N)=O)cs2)c1~~c1~~~~~~~~~~~~~~~
1349,!CCn1nnc2c(N3CCN(c4ccccc4)CC3)ncnc21~N~~~~~~~~~~~~~~~~~~
1350,!CCc1ccc(CCC(=O)C(C#N)c2nc3ccccc3[nH]2)cc1~~~~~~~~~~~~~~~~~
1351,!N#Cc1nnn(-c2ccc(Cl)c(Cl)c2)c1C1CCC1~~~~~~~~~~~~~~~~~~~~~~
1352,!Cc1ccc(C(NC(=O)NCC2(O)CCOCC2)C2CC2)cc1~~~~~~~~~~~~~~~~~
1353,!Cc1ccncc1NC(=O)N1CCC2C(CCC(=O)N2CCCO)C1~~~~~~~~~~~~~~~~
1354,!CCN(CC)C(=O)c1cccc(NC(=O)COc2ccccc2)c1~~~~~~~~~~~~~~~~~
1355,!Cc1csc(=O)n1CCC(=O)NCc1ccc(-n2cccn2)cc1~~~~~~~~~~~~~~~~
1356,!CC(C)(C)c1cc(NC(=O)CSc2nncn2C2CC2)on1~~~~~~~~~~~~~~~~~~
1357,!CC(C)C(NC(=O)c1ccccc1)C(=O)Nc1ccc(C(N)=O)cc1~~~~~~~~~~~
1358,!O=C(c1cn2cccnc2n1)N1CCc2sccc2C1~CCC1~~~~~~~~~~~~~~~~~~~
1359,!Cc1nc(C(=O)N2CCN(Cc3cccc4ccccc34)CC2)cs1~~~~~~~~~~~~~~~
1360,!Cc1cc(C)c(NC(=O)Cn2c(N)nc(C)cc2=O)c(C)c1~~~~~~~~~~~~1~~
1361,!Cc1cccc(OCc2nnc(SCC(=O)NC3CC3)o2)c1~~~~~~~~~~~~~~~~~~~~
1362,!C#Cc1cccc(NC(=O)CC(NC(C)=O)c2ccccc2)c1~~~~~~~~~~~~~~~~~
1363,!COCCOc1ccc(NS(=O)(=O)c2ccc(F)cc2)cn1~~~~~~~~~~~~~~~~~~~
1364,!CNC(=O)CN(C(=O)c1snnc1C)C(C)C~1ccccc1~~~~~~~~~-1~~~~~~~
1365,!COC(=O)c1ccc(OCc2nc(N)nc(N(C)C)n2)cc1~~~~~~~~~~~~~~~~~~
1366,!CCOc1cc(C(=O)NC(CC)c2ccc(OC)cc2)ccc1O~~~~~~~~~~~~~~~~~~
1367,!Cc1onc(-c2ccccc2)c1C(=O)N(C)CCc1ccc(F)cc1~~~~~~~~~~~1~~
1368,!Cc1nc2nnc3c(=O)n(-c4ccc(F)c(Cl)c4)ccc3n2n1~~~~~~~~~~~~~~
1369,!CC(C)CC(C)Oc1cc2c(cc1N)OCC(=O)N2~~C(C)C~~~~~~~~~~~~~~~~
1370,!c1ccc2[nH]c(C3CCCCCN3Cc3ccncc3)nc2c1~~~~~~~~~~~~~~~~~~~~~~
1371,!COCCCNC(=O)c1ccc(Br)cc1~O~~~~~~-[nH]1~~~~[nH]1~~~~~~~~~~~~~~~~
1372,!CC(O)(CNC(=O)c1cc[nH]c1)c1ccc(Cl)cc1~~~~~[nH]1~~~~~o1~~~~~~~~~
1373,!CN(C)C(=O)c1ccc(Cl)c(NC(=O)NCc2ccccc2)c1~~~~~~~~~~~~~~~~
1374,!Cc1ccc(F)c(OCc2nc(-c3ccco3)no2)c1~~~~~)on1~~~~~~~~~~~~~
1375,!COc1ccc(-c2noc(CCC(=O)Nc3cccc(F)c3)n2)cc1~~~~~~~~~~~~~~
1376,!CCOc1cccc(NC(=O)COc2ccccc2OC)c1~~~~~~~~~~~~~~~~~~~~~~~~
1377,!COc1ccc(CCC(=O)N2CCNC(=O)C2)c(Cl)c1~~~~~~~~~~~~~~~~~~~~~
1378,!COc1ccc(Br)c(NC(=O)NC(C)CCCO)c1~~~~~~~~~~~~~~~[nH]~~)~~~~~~
1379,!O=S(=O)(C1CC1)N1CC2CN(c3ccsc3)C(=O)C2C1~~~~~~~~~~~~~~~~
1380,!CCOc1cccc(C(C)NC(=O)c2ccc(=O)n(C)n2)c1~~cc~~~~~~~~~~~~~
1381,!Cc1ccc(S(=O)(=O)NCCc2ccsc2)cc1~~(N)=O~~~~~~~~~~~~~~~~~~
1382,!COc1ccc(C(=O)NC(C)c2nc3ccccc3[nH]2)nn1~~~~~~~~~~~~~~~~~~~~
1383,!CC(C)c1cc(C(=O)NCC#CCN2CCOCC2)n[nH]1~~(=O)OC~~~~~~~~~~~~~~
1384,!CN(C)C(=O)CNC(=O)CCc1ccccc1O~~cccc1~~~~~~~~~~~~~~~~~~~~
1385,!CCN1C(=O)C(Cc2cccc(F)c2)Oc2ccc(O)cc21~~~~~~~~~~~~~~~~~~
1386,!CCc1ccc(OC)c(CCN(C)C(=O)CC#N)c1~~~~cco1~~~~~~~~~~~~~~~~
1387,!O=C(COc1ccc(F)cc1)Nc1ccc(-c2ccccc2)nn1~~~~~~~~~~~~~~~~~
1388,!Cc1ccc(O)c2c1C(COc1ccccc1)NCC2~~(N)=O~~~~~~~~~~~~~~~~~~
1389,!COc1ccc(-c2ccc(C(=O)NC(C)C)cc2)cc1OC~O~~~~~~~~~~~~~~~~~
1390,!Cc1ccc(C(O)(CC(=O)NCCn2ccnc2)C(F)(F)F)o1~~~~~~~~~~~~~~~
1391,!Cc1cc(C)n2cc(CN3CCn4c(nnc4C4CC4)C3)nc2n1~~~~~~~~~~~~~~~
1392,!Cc1cccc(C(=O)N2C3CCC2CC(O)(c2cccnc2F)C3)n1~~~~~~~~~~~~~
1393,!O=C(C1CCOC1)N1CCOC(C(F)(F)F)C1~1ccccc1~~~~~~~~~~~~~~~~~
1394,!CCOC(=O)c1c(S(=O)(=O)N2CCOCC2)nn(C)c1N~~~~~~~~~~~~~~~~~
1395,!CCOCCOc1ccc(-c2c(N)n[nH]c2CC)cc1~~~ocn1~~~~~~~~~~~~~~~~~~~
1396,!CN(C)S(=O)(=O)c1ccc(CNC(=O)NCc2ccccc2)cc1~~~~~~~~~~~1~~
1397,!CCc1nnsc1C(=O)Oc1cccc(C(=O)NC)c1~~co1~~~~~~~~~~~~~~~~~~
1398,!Cc1nc(CN(C)C(=O)CSc2ccncc2)cs1~~~~~~~~~~~~~~~~~~~~~~~~~
1399,!CC(Sc1nncn1C)C(=O)NCC1(c2ccc(F)cc2)CC1~~~~~~~~~~~~~~~~~
1400,!COc1ccc(C(C)NS(=O)(=O)c2cccc(F)c2)cc1F~~~~~~~~~~~~~~~~~
1401,!C(=Cc1ccccc1)CNc1cccc(-c2nnnn2C2CC2)c1~~~~~~~~~~~~~~~~~
1402,!COc1ncccc1C(=O)N1CCN(c2ccccc2F)CC1~~~~~~~~~~~~~~~~~~~~~
1403,!NC(=O)CSc1nnc(Cc2cccs2)n1C1CC1~~co1~~[nH]1~~~~~~~~~~~~~~~~
1404,!O=C(Nc1nc(-c2cccnc2)cs1)c1ccnc(OC2CCC2)c1~~~~~~~~~~~~~~
1405,!CN(C)C(C)(C(N)=O)c1ccc(-c2ccccc2)cc1~#N~~~~~~~~~~~~~1~1
1406,!COc1ccc2nc(C(=O)N3CCC(O)CC3)ccc2c1~~c1c~~~~~~~~~~~~~~~~
1407,!CNC(=O)c1ccc(NC(=O)c2cccc(F)c2F)cc1~~~~~~~~~~~~~~~~~~~~
1408,!O=C(Nc1ncnc2sccc12)c1cccc(Cl)c1~~nco1~~~~~~~~~~~~~~~~~~~
1409,!CC(NC(=O)CSc1ccncc1)c1ccc(-n2ccnc2)cc1~~~~~~~~~~~~~~~~~
1410,!Cc1c(C)c2ccc(OC(=O)c3cc(=O)[nH]c4ccccc34)cc2oc1=O~~~~~~1~~
1411,!Cc1nc(N)ncc1C(=O)N1CCN(c2ncccn2)CC1~~~~~~~~~~~~)~~~~~~~
1412,!Cc1cccnc1NC(=O)Cn1nnc(-c2ccc(C(C)C)cc2)n1~~~~~~~~~~~~~~
1413,!COC(C)c1nc(CN(C)C(=O)Nc2ccn(C)n2)cs1~~~~~~~~~~~~~~~~1~~
1414,!CC1CCCN(C(=O)COc2ncnc3sc4c(c23)CCC4)C1~~~~~~~~~~~~~~~~~
1415,!Cc1cc(NC(=O)CN(C)S(=O)(=O)c2cccc(F)c2)no1~~~~~~~~~~~~~~
1416,!O=C1COc2c(Br)cc(Cl)cc2N1~1cccnc1~~~~~~~~~~~~~~1~~~~~~~~~~
1417,!CN1CC2(CCCCN2C(=O)c2ccc3[nH]ccc3c2)CC1=O~~~~~~~~~~~~~~~~~~
1418,!Cc1csc(NC(=O)CSc2nc(-c3ccccc3)c[nH]2)n1~~~~~~~~~~~~~~~~~~~
1419,!Cc1ccn(Cc2nncn2-c2ccccc2)c(=O)c1C#N~O~~~~~~~~~~~~~~~~~~
1420,!CN(Cc1ccccc1)Cc1nc2c(cnn2C)c(=O)[nH]1~1ccoc1~~~~~~~~~~~)~~
1421,!O=C(NC1Cc2ccccc2C1)NC1CCN(c2ccccc2)C1=O~~~~~~~~~~~~~~~~
1422,!COc1c(C)cnc(CNC(=O)CCCc2cccs2)c1C~C~~~~~~~~~~~~~~~~~~~~
1423,!COc1ccc(CNC(=O)C2CC(=O)N(C(C)C)C2)cc1OC~~~~~~~~~~~~~~~~
1424,!Cc1cccc(OCC(=O)Nc2c(C)n[nH]c2C)c1~~~~C2CC1~3~~~~~~~~~~~~~~
1425,!COc1cc(CNC(=O)CC2CN(C(C)C)CCO2)ccn1~~~~~~~~~~~~~~~~~~~~
1426,!Cc1nc2nc(C(F)(F)F)nn2c(N)c1-c1ccc(Cl)cc1~~~~~~~~~~~~~~~~
1427,!O=C(Nc1ccc(-n2ccnc2)nc1)C1CCCO1~~C1CCCC1~~~~~~~~~~~~~~~
1428,!CC(=O)Nc1ccc(OC(=O)Cc2c(F)cccc2F)cc1~~~C~~~~~~~~~[nH]1~~~~
1429,!O=C(c1ccccn1)N1CCn2nnc(COCC3CC3)c2C1~C1~~~~~~~~~~~~~~~~
1430,!N#CC(NC(=O)c1cccc2ccccc12)c1ccncc1~~cncc1~~~~~~~~~~~~~~
1431,!NC(=O)Cc1ccccc1NC(=O)c1cccc(F)c1~F~cc1~~~~~~~~~~~~~~~~~
1432,!CC(C)n1cnnc1S(=O)(=O)Cc1cc(-c2ccc(F)cc2)no1~~~~~~~~~~~~
1433,!NS(=O)(=O)c1cccc(CNC(=O)C2CNC(=O)N2)c1~~c1~~~~~~~~~~~~~
1434,!CCc1nsc(N2CCCN(C(=O)Nc3cnccc3C)CC2)n1~~~~~~~~~~~~~~~~~~
1435,!COc1cc(C)c(Cc2nc(CC(C)C)no2)cc1OC~~~~~~~~~~~~~~~~~~~~~~
1436,!COc1ccc(-c2noc(NCC(C)(O)c3cccs3)n2)cc1~~~~~~~~~~~~~~~~~
1437,!CCN(CC)C(=O)C1CC=CCC1C(=O)Nc1ccc(C)cc1~~~~~~~~~~~~~~1~~
1438,!CC(C)(C)c1n[nH]c(C2CN(C(=O)c3ccc(=O)n(C)n3)CCO2)n1~~~~~1~~
1439,!CCC1C(=O)Nc2c(C(O)c3cccs3)cc(C)cc21~~~~~~~~~~1~~~~~~~~o
1440,!CC1CN(CCC(=O)Nc2sccc2C#N)CCO1~(N)=O~~O~~~~~~~~~~~~~~~~~
1441,!O=C(NCc1nncn1-c1ccccc1)c1cc2ccc(Cl)cc2[nH]1~~~~~~~~~~~~~1~~
1442,!CC(O)c1cccc(NC(=O)N2CCC(Oc3cccnc3)CC2)c1~~~~~~~~~~~~~~~
1443,!CC(C)NC(=O)CCCCSc1ccc(F)cc1~~~~)C(C)=O~~~~~~~~~~~~~~~~~
1444,!CC(C)COc1ccc(C(=O)NCC(N)=O)cn1~~~)cc1~~~~~~~~~~~~~~~~~~
1445,!Cc1nc(CNC(=O)CCc2cc3ccccc3o2)c(C)s1~~~~~~~~~~~~~~~~~~~~
1446,!O=C(C1CC2CCC1C2)N1CCN(Cc2ccncc2)CC1~O~~~[nH]1~~~~~~~~~~~~~
1447,!O=C(Cn1cnc2scc(-c3cccs3)c2c1=O)N1CCCC1~~~~~~~~~~~~~~~~~
1448,!CC(Oc1cccc(C#N)c1)C(=O)Nc1cccc2c1OCCO2~~~~~~~~~~~~~~~~~
1449,!Cc1ncc(C(=O)Nc2ccc(F)cc2F)c(N)n1~~C(C)C~~~~~~~~~~~~~~~~
1450,!NC(=O)C(NCc1ccc(OC2CCCC2)nc1)c1ccccc1~~~~~~~~~~~~~~~~~~
1451,!CC1CCCCN1C(=O)CNc1cccc(N2CCCC2=O)c1~~c[nH]1~~~~~~~~~~~~~~~
1452,!Cc1occc1CN(C)S(=O)(=O)N(C)CCC#N~#N~#N~~~1~~~~~~~~~~~~~~
1453,!CC(O)c1ccc(C(=O)N2CCN(c3ccccc3Cl)CC2)cc1~~~~~~~~~~~~~~~~
1454,!Cc1ccc(C(=O)C(O)NCc2ccccc2)cc1C~(C)C~~~~~~~~~~~~~~~~~~~
1455,!CCOc1cccc(CNC(=O)NCc2cccs2)c1~~~~~~~~~~~~~~~~~~~~~~~~~~
1456,!CC(C)C(=O)Nc1ccc(NS(=O)(=O)N(C)C)cc1~~cc[nH]1~~~~~~~~~~~~~
1457,!CC(=O)Nc1ccc(F)c(C(=O)NCCN2CCOCC2)c1~~~~~~~~~~~~~~~~~~~
1458,!COC(=O)c1c(NC(=O)C(C)C)sc(C)c1C~c1ccco1~~~~~~~~~~~~~1~~
1459,!NC1C(=O)Nc2cc(Sc3ncn[nH]3)ccc21~c1ccco1~~~~~~~~~~~~~~~~~~~
1460,!CCOC(=O)CCN1CC(C)Nc2cc(Cl)ccc21~~~~~~o1~~~~~~~~~~~~~~~~~
1461,!CNC(=O)NCc1cn(-c2ccccc2)nc1-c1ccccc1~~~C~~~~~~~~~~~~~~~
1462,!Cc1sc(=O)n(CC(=O)Nc2ccccn2)c1C~(N)=O~~~~~o1~~~~~~~~~~~~
1463,!Nc1ccc(Cl)c(NC(=O)Nc2ccccc2)c1~~N1CCCC1~~~~~~~~~1~~~~~~~
1464,!O=C(CNC(=O)c1ccsc1)Nc1nc2ccccc2s1~~~~~~~~~~~~~~~~~~~~~~
1465,!C#CCNC(=O)c1cccc(NC(=O)Cc2ccc(C)cc2)c1~~~~~~~~~~~~~~~~~
1466,!CC(CNC(=O)c1cccc(OCC(N)=O)c1)Cn1cccn1~~~~~~~~~~~~~~~~~~
1467,!Cc1noc(Cn2ccnc2-c2ccncc2)n1~~c1ccccc1~~~~~~~~~~~~~~~~~~
1468,!COc1ccc(OC)c(NC(=O)c2snnc2-c2ccccc2)c1~~~~~~~~~~~~~~~~~
1469,!O=C(c1cn2ccsc2n1)N1CCOc2ccccc21~~=O~~~~~~~~~~~~1~~~~~~~
1470,!CCCOc1ncccc1CNC(=O)Nc1ccc2c(c1)COC2~~~~~~~~~~~~~~~~~~~~
1471,!Cc1oc2ncnc(Oc3ccc(C#N)cc3)c2c1C~~~C1~~~1~~~~~~~~~~~~~~~
